Country,Year,Status,Adult Mortality,infant deaths,Alcohol,percentage expenditure,Hepatitis B,Measles , BMI ,under-five deaths ,polio(deaths/1000),Total expenditure,Diphtheria (deaths/1000), HIV/AIDS(impact),GDP,Population, thinness  10-19 years, thinness 5-9 years,Income composition of resources,Schooling,COVID ,Life expectancy ,,,,
United States of America,2021,Developed,19,11,8.30,5241.30,91.70,324,70.80,27,88,19.00,94.00,0.1,65031.00,327954612,0.75,0.57,0.88,15.80,181.26,77.10,,,,
United States of America,2020,Developed,20,19,8.20,5210.20,91.50,410,70.60,29,89,18.50,95.00,0.1,64012.00,328010321,0.76,0.54,0.90,16.00,178.20,77.50,,,,
United States of America,2019,Developed,17,13,8.10,5123.20,91.00,310,68.30,21,90,17.50,90.00,0.1,65298.00,329064917,0.77,0.56,0.93,16.20,1.00,78.87,,,,
United States of America,2018,Developed,15,17,8.20,5323.64,89.50,264,70.10,28,91,16.90,96.00,0.1,62996.00,327096265,0.81,0.59,0.91,16.60,1.00,78.81,,,,
United States of America,2017,Developed,13,21,8.47,5200.64,90.00,215,69.10,23,92,17.03,91.00,0.1,60062.00,327096266,0.78,0.58,0.92,16.50,2.00,78.84,,,,
United States of America,2016,Developed,12,22,8.60,5077.64,91.00,210,69.40,24,94,17.16,96.00,0.1,57952.00,327096267,0.80,0.60,0.90,16.00,1.00,78.86,,,,
United States of America,2015,Developed,13,23,8.50,4954.64,92.00,188,69.60,26,93,17.02,95.00,0.1,56839.00,327096268,0.80,0.60,0.90,16.30,1.00,78.89,,,,
United States of America,2014,Developed,14,23,8.82,4831.64,92.00,667,69.10,27,93,17.14,95.00,0.1,55065.00,327096269,0.80,0.60,0.89,16.30,1.00,78.91,,,,
United States of America,2013,Developed,16,23,8.82,4830.19,91.00,187,68.60,27,93,16.90,94.00,0.1,53118.00,327096270,0.70,0.60,0.88,16.30,1.00,78.94,,,,
United States of America,2012,Developed,16,24,8.82,4793.90,90.00,55,68.00,28,93,17.20,94.00,0.1,51611.00,327096271,0.70,0.60,0.88,16.10,2.00,78.79,,,,
United States of America,2011,Developed,16,25,8.67,5439.69,91.00,220,67.50,29,94,17.60,96.00,0.1,49887.00,327096272,0.70,0.60,0.87,16.30,1.00,78.64,,,,
United States of America,2010,Developed,15,25,8.55,5219.67,92.00,63,66.90,30,93,17.20,95.00,0.1,48468.00,327096273,0.70,0.60,0.86,16.30,1.00,78.49,,,,
United States of America,2009,Developed,18,26,8.71,5243.32,92.00,71,66.30,31,93,17.00,95.00,0.1,47100.00,327096274,0.70,0.60,0.86,16.40,1.00,78.34,,,,
United States of America,2008,Developed,18,27,8.74,5166.38,94.00,140,65.70,31,94,16.20,96.00,0.1,48383.00,327096275,0.70,0.60,0.85,16.30,2.00,78.19,,,,
United States of America,2007,Developed,11,27,8.74,5228.82,93.00,43,65.10,32,93,15.57,96.00,0.1,47976.00,327096276,0.70,0.60,0.83,15.60,1.00,77.99,,,,
United States of America,2006,Developed,113,28,8.63,4713.19,93.00,55,64.40,33,93,15.27,96.00,0.1,46299.00,327096277,0.70,0.60,0.83,15.50,2.00,77.79,,,,
United States of America,2005,Developed,112,28,8.52,4506.26,93.00,66,63.80,33,92,15.15,96.00,0.1,44115.00,327096278,0.70,0.60,0.83,15.30,1.00,77.58,,,,
United States of America,2004,Developed,111,28,8.48,4270.91,92.00,37,63.10,33,92,15.14,96.00,0.1,41713.00,327096279,0.70,0.60,0.81,15.20,2.00,77.38,,,,
United States of America,2003,Developed,114,28,8.40,3519.26,92.00,56,62.40,33,91,15.60,96.00,0.1,39446.00,327096280,0.70,0.60,0.79,15.00,1.00,77.18,,,,
United States of America,2002,Developed,115,28,8.33,2883.33,88.00,41,61.70,33,90,14.55,94.00,0.1,38023.00,327096281,0.80,0.60,0.79,14.80,2.00,77.04,,,,
United States of America,2001,Developed,115,28,8.25,2013.12,89.00,116,60.90,33,89,13.73,94.00,0.1,37133.00,327096282,0.80,0.60,0.78,14.90,1.00,76.90,,,,
United States of America,2000,Developed,114,28,8.21,1931.51,90.00,85,60.01,33,90,13.70,94.00,0.1,36335.00,327096283,0.80,0.70,0.77,14.70,1.00,76.75,,,,
Brazil,2021,Developing,171,38,7.20,1045.50,98.00,142,55.00,38,87,8.21,90.50,0.1,7421.03,253245161,2.60,2.20,0.77,15.15,225.12,73.41,,,,
Brazil,2020,Developing,167,40,7.18,952.34,95.00,156,54.10,39,91,8.95,92.00,0.1,7652.10,256213452,2.50,2.40,0.79,15.25,210.21,73.21,,,,
Brazil,2019,Developing,147,38,7.15,99.35,93.00,130,55.10,38,87,7.87,90.50,0.1,8337.26,259627904,2.30,2.20,0.80,15.80,1.00,75.76,,,,
Brazil,2018,Developing,145,40,7.20,916.27,97.00,102,55.20,39,91,7.96,92.00,0.1,8442.26,259626381,2.40,2.30,0.79,15.65,2.00,75.56,,,,
Brazil,2017,Developing,143,42,7.31,843.19,94.00,195,55.60,42,93,8.05,93.50,0.1,8547.26,259624858,2.50,2.40,0.78,15.50,1.00,75.32,,,,
Brazil,2016,Developing,144,41,7.42,1085.00,95.00,210,55.30,46,94,8.14,95.00,0.1,8652.26,259623335,2.60,2.50,0.77,15.35,1.00,75.07,,,,
Brazil,2015,Developing,142,42,7.35,1324.20,96.00,214,56.10,47,98,8.23,96.00,0.1,8757.26,259621812,2.70,2.60,0.75,15.20,1.00,74.83,,,,
Brazil,2014,Developing,144,44,7.32,83.16,96.00,876,55.30,49,96,8.32,93.00,0.1,1226.62,242131333,2.70,2.70,0.75,15.20,1.00,74.58,,,,
Brazil,2013,Developing,146,46,7.24,916.27,96.00,220,54.50,52,96,8.48,97.00,0.1,12216.94,224863254,2.80,2.70,0.73,14.20,1.00,74.34,,,,
Brazil,2012,Developing,148,49,7.55,843.19,96.00,2,53.60,54,96,8.26,95.00,0.1,12291.47,216983412,2.80,2.80,0.73,14.20,1.00,74.03,,,,
Brazil,2011,Developing,152,51,7.58,1085.00,98.00,43,52.80,57,98,8.90,99.00,0.1,13167.47,198686688,2.90,2.80,0.72,14.00,2.00,73.72,,,,
Brazil,2010,Developing,154,54,7.52,1111.19,96.00,68,52.00,61,99,8.27,99.00,0.1,11224.15,196796269,2.90,2.90,0.72,13.80,1.00,73.42,,,,
Brazil,2009,Developing,157,57,7.33,564.52,99.00,0,51.10,64,99,8.65,99.00,0.1,8553.38,194895996,3.00,2.90,0.71,13.80,1.00,73.11,,,,
Brazil,2008,Developing,158,61,7.21,526.38,96.00,0,5.30,68,99,8.24,99.00,0.1,8787.61,192979293,3.00,3.00,0.70,13.30,2.00,72.80,,,,
Brazil,2007,Developing,159,65,7.19,394.93,99.00,0,49.40,73,99,8.28,99.00,0.1,7313.56,191266375,3.10,3.00,0.70,13.50,1.00,72.43,,,,
Brazil,2006,Developing,161,70,7.10,30.30,99.00,57,48.60,79,99,8.36,99.00,0.1,586.15,189124123,3.10,3.10,0.70,13.80,1.00,72.06,,,,
Brazil,2005,Developing,163,75,6.97,23.76,98.00,6,47.80,85,99,8.27,99.00,0.1,477.18,186917361,3.20,3.10,0.69,13.80,2.00,71.70,,,,
Brazil,2004,Developing,17,81,6.85,186.61,96.00,0,46.90,93,99,7.70,99.00,0.1,3623.48,184738458,3.20,3.20,0.70,14.00,1.00,71.33,,,,
Brazil,2003,Developing,172,88,6.95,15.86,97.00,2,46.10,100,99,6.94,99.00,0.1,359.59,182482149,3.30,3.30,0.70,14.80,2.00,70.96,,,,
Brazil,2002,Developing,176,95,7.00,140.98,92.00,1,45.30,109,99,7.13,99.00,0.1,2819.65,181512166,3.30,3.30,0.69,14.60,1.00,70.62,,,,
Brazil,2001,Developing,179,103,7.13,149.48,91.00,1,44.50,118,99,7.19,98.00,0.1,3146.95,177756742,3.40,3.40,0.69,14.30,2.00,70.28,,,,
Brazil,2000,Developing,183,111,7.26,179.48,94.00,36,43.70,127,99,7.30,98.00,0.1,3739.12,175287587,3.40,3.40,0.68,14.10,1.00,69.93,,,,
india,2021,Developing,203,8321,2.90,96.01,72.00,49512,19.30,710,79.8,7.31,79.00,0.21,1945.20,1366417754,26.20,27.30,0.63,11.60,22.32,69.40,,,,
india,2020,Developing,198,835,3.02,88.21,73.00,51234,19.50,730,80.5,6.32,81.00,0.22,1891.23,1365265428,26.20,27.20,0.65,11.80,18.32,69.10,,,,
india,2019,Developing,173,841,2.97,72.36,74.00,61203,21.10,700,80,5.39,79.00,0.18,2148.19,1366417754,26.30,26.90,0.68,12.00,1.00,69.50,,,,
india,2018,Developing,175,847,3.09,78.39,76.00,621344,20.50,800,81.5,5.25,81.00,0.2,2048.19,1365265428,26.40,27.00,0.66,11.90,1.00,69.27,,,,
india,2017,Developing,177,868,3.21,83.43,78.00,65239,19.90,900,83,5.11,83.00,0.2,1903.19,1336542801,26.50,27.10,0.65,11.80,1.00,68.97,,,,
india,2016,Developing,179,889,3.33,84.46,85.00,85032,19.30,1000,84.5,4.97,85.00,0.2,1758.19,1324517497,26.60,27.20,0.63,11.70,1.00,68.67,,,,
India,2015,Developing,181,910,2.95,85.49,87.00,90387,18.70,1100,86,4.83,87.00,0.2,1613.19,1311095398,26.70,27.30,0.62,11.60,1.00,68.37,,,,
India,2014,Developing,184,957,3.07,86.52,79.00,79563,18.10,1200,84,4.69,85.00,0.2,1573.12,1293859294,26.80,27.40,0.61,11.60,1.00,68.07,,,,
India,2013,Developing,187,1000,3.11,67.67,74.00,13822,17.50,1300,82,4.53,83.00,0.2,1452.20,1278562272,26.80,27.50,0.60,11.50,1.00,67.77,,,,
India,2012,Developing,19,1100,3.10,64.97,73.00,18668,17.00,1400,79,4.39,82.00,0.2,1446.99,1263658523,26.90,27.60,0.59,11.30,2.00,67.32,,,,
India,2011,Developing,193,1100,3.00,64.61,44.00,33634,16.40,1500,79,4.33,82.00,0.2,1461.67,1247236295,26.90,27.70,0.58,10.80,1.00,66.87,,,,
India,2010,Developing,196,1200,2.77,57.73,38.00,31458,15.90,1600,76,4.28,79.00,0.2,1345.77,1239869145,27.00,27.80,0.57,10.40,2.00,66.43,,,,
India,2009,Developing,2,1300,2.50,0.84,37.00,56188,15.40,1700,73,4.38,74.00,0.2,1109.32,1214271321,27.00,27.80,0.56,10.50,2.00,65.98,,,,
India,2008,Developing,23,1300,1.93,43.03,29.00,44258,14.90,1800,69,4.34,7.00,0.3,991.48,1197146963,27.00,27.90,0.56,10.20,1.00,65.50,,,,
India,2007,Developing,26,1400,1.59,5.23,31.50,41144,14.40,1900,67,4.23,64.00,0.3,1018.17,1179681239,27.10,28.00,0.55,9.90,2.00,65.20,,,,
India,2006,Developing,28,1500,1.37,34.86,30.50,64185,13.90,2000,66,4.25,65.00,0.3,792.26,1161977719,27.10,28.00,0.54,9.70,1.00,64.80,,,,
India,2005,Developing,211,1500,1.27,3.51,34.50,36711,13.50,2000,65,4.28,65.00,0.3,715.23,1144118674,27.20,28.10,0.53,9.40,2.00,64.40,,,,
India,2004,Developing,214,1600,1.20,27.34,33.50,55443,13.00,2100,58,4.22,63.00,0.3,621.32,1126135777,27.20,28.20,0.52,9.20,1.00,63.31,,,,
India,2003,Developing,216,1700,1.19,19.48,35.20,47147,12.60,2200,57,4.30,61.00,0.3,541.14,1111827848,27.30,28.30,0.51,8.60,2.00,63.70,,,,
India,2002,Developing,219,1700,1.10,17.81,29.50,40044,12.20,2300,58,4.40,59.00,0.3,466.28,1089871121,27.40,28.40,0.50,8.40,1.00,63.30,,,,
India,2001,Developing,222,1800,1.00,19.00,25.30,51780,11.80,2400,58,4.50,59.00,0.3,447.14,1071477855,27.50,28.50,0.49,8.30,2.00,62.90,,,,
India,2000,Developing,224,1800,0.93,19.27,21.00,38835,11.40,2500,57,4.26,58.00,0.3,438.86,1056575549,27.70,28.60,0.49,8.30,1.00,62.50,,,,
France,2021,Developing,85,2,10.75,7025.20,94.00,195,62.30,2.5,97,13.50,97.00,0.1,37541.00,65161825,0.59,0.59,0.89,16.30,162.40,81.60,,,,
France,2020,Developing,80,1.8,10.70,6890.50,93.00,201,61.50,2.8,96,12.50,98.00,0.1,38452.00,65193970,0.58,0.58,0.91,16.50,158.20,82.10,,,,
France,2019,Developing,74,1.8,10.75,6793.68,94.00,110,60.90,2.8,96,11.14,97.00,0.1,40494.00,65283511,0.56,0.56,0.92,16.70,1.00,82.59,,,,
France,2018,Developing,75,2,10.90,6737.68,92.00,126,61.30,3,96,11.22,98.00,0.1,41631.00,65273511,0.55,0.55,0.91,16.60,2.00,82.46,,,,
France,2017,Developing,76,2,11.05,6794.68,90.00,135,61.70,3,97,11.30,98.00,0.1,38812.00,65129728,0.60,0.60,0.90,16.50,1.00,82.36,,,,
France,2016,Developing,77,2,11.20,6738.68,88.00,168,62.10,3,97,11.38,98.00,0.1,37037.00,64842509,0.60,0.60,0.89,16.40,1.00,82.25,,,,
France,2015,Developing,78,2,11.35,6795.68,86.00,157,62.50,3,98,11.46,98.00,0.1,36526.77,64667596,0.70,0.60,0.89,16.30,1.00,82.15,,,,
France,2014,Developing,79,3,11.50,6739.68,83.00,267,62.00,3,98,11.54,98.00,0.1,42955.24,64458123,0.60,0.60,0.89,16.20,1.00,82.04,,,,
France,2013,Developing,81,3,11.10,6646.95,74.00,272,61.60,3,99,11.56,99.00,0.1,42554.12,63599857,0.60,0.60,0.89,16.20,2.00,81.94,,,,
France,2012,Developing,83,3,11.50,751.38,78.00,0,61.10,3,99,11.44,99.00,0.1,48382.44,63546512,0.60,0.60,0.89,16.10,1.00,81.74,,,,
France,2011,Developing,83,3,11.80,683.92,74.00,14949,6.60,3,99,11.33,99.00,0.1,43812.88,65342776,0.60,0.60,0.88,16.10,2.00,81.54,,,,
France,2010,Developing,86,3,11.70,72.80,65.00,5048,6.10,3,99,11.20,99.00,0.1,47334.28,65275121,0.60,0.60,0.88,16.00,2.00,81.35,,,,
France,2009,Developing,88,3,11.80,6415.36,51.00,1541,59.60,3,98,11.28,98.00,0.1,41631.13,64774441,0.60,0.60,0.88,16.00,1.00,81.15,,,,
France,2008,Developing,88,3,11.90,7002.79,47.00,604,59.10,3,98,1.57,98.00,0.1,45413.66,64374993,0.60,0.60,0.88,16.10,2.00,80.95,,,,
France,2007,Developing,89,3,12.20,64.74,42.00,39,58.60,3,99,1.45,98.00,0.1,41658.40,64162291,0.60,0.60,0.87,16.10,1.00,80.68,,,,
France,2006,Developing,92,3,12.40,5689.99,39.00,40,58.00,4,99,1.53,99.00,0.1,36544.59,63621376,0.60,0.60,0.87,16.10,2.00,80.41,,,,
France,2005,Developing,93,3,12.20,5451.70,35.00,36,57.50,4,98,1.60,98.00,0.1,34879.73,63179356,0.60,0.60,0.86,15.50,1.00,80.14,,,,
France,2004,Developing,94,3,13.18,5291.23,35.00,4448,57.00,4,99,1.53,98.00,0.1,33874.74,62574897,0.60,0.60,0.86,15.50,2.00,79.87,,,,
France,2003,Developing,99,3,13.49,4572.44,28.00,0,56.40,4,96,1.43,97.00,0.1,29691.18,62244884,0.60,0.60,0.85,15.40,1.00,79.60,,,,
France,2002,Developing,11,3,13.78,3779.66,29.00,5185,55.80,4,97,1.22,97.00,0.1,24275.24,61852671,0.70,0.60,0.85,15.50,2.00,79.37,,,,
France,2001,Developing,13,3,13.89,3451.19,28.00,0,55.20,4,98,9.89,97.00,0.1,22527.32,60357431,0.70,0.60,0.85,15.60,1.00,79.14,,,,
France,2000,Developing,13,3,13.63,3410.28,26.00,10000,54.60,4,98,9.77,97.00,0.1,22465.64,59912498,0.70,0.60,0.84,15.70,2.00,78.91,,,,
Turkey,2021,Developing,136,17,1.05,210.50,97.00,306,67.30,12,96,9.50,97.00,0.1,8856.00,83051849,4.60,4.50,0.73,14.70,53.10,76.90,,,,
Turkey,2020,Developing,125,15,0.95,195.60,97.00,302,67.50,11,95,8.02,97.00,0.1,8925.00,83083094,4.60,4.60,0.74,14.80,42.50,77.25,,,,
Turkey,2019,Developing,100,11,0.90,181.91,97.00,282,67.70,11,95,6.01,97.00,0.1,9127.00,83249615,4.70,4.50,0.74,14.90,0.00,77.54,,,,
Turkey,2018,Developing,103,12,1.01,188.14,96.00,297,67.30,12,97,5.89,95.00,0.1,9456.00,82340088,4.80,4.60,0.75,14.80,1.00,77.31,,,,
Turkey,2017,Developing,106,13,1.12,234.20,97.00,312,66.90,14,96,5.77,96.00,0.1,10591.00,81116542,4.80,4.70,0.75,14.70,1.00,76.97,,,,
Turkey,2016,Developing,109,14,1.23,1275.88,96.00,327,66.50,16,97,5.65,97.00,0.1,10895.00,79827871,4.80,4.70,0.76,14.60,1.00,76.62,,,,
Turkey,2015,Developing,112,15,1.34,32.78,97.00,342,66.10,18,97,5.53,97.00,0.1,11979.53,78271472,4.90,4.80,0.76,14.50,1.00,76.28,,,,
Turkey,2014,Developing,107,16,1.45,106.95,96.00,565,65.30,19,96,5.41,96.00,0.1,12127.23,77362872,4.90,4.70,0.76,14.50,1.00,75.93,,,,
Turkey,2013,Developing,110,17,1.41,188.14,97.00,7405,64.50,20,98,5.38,98.00,0.1,12542.94,75787333,4.90,4.70,0.75,14.40,2.00,75.59,,,,
Turkey,2012,Developing,112,19,1.54,20.75,97.00,349,63.70,22,97,5.24,97.00,0.1,11723.84,74569867,4.90,4.70,0.75,14.30,1.00,75.15,,,,
Turkey,2011,Developing,114,20,1.53,1275.88,96.00,111,62.80,23,97,5.29,97.00,0.1,11341.13,73494553,4.90,4.70,0.74,13.80,2.00,74.70,,,,
Turkey,2010,Developing,116,21,1.49,32.78,96.00,7,61.90,25,97,5.61,97.00,0.1,11672.57,72326914,4.90,4.70,0.72,13.00,1.00,74.26,,,,
Turkey,2009,Developing,118,23,1.40,106.95,94.00,4,61.10,27,96,6.80,96.00,0.1,9365.00,71339185,4.90,4.80,0.71,12.50,2.00,73.81,,,,
Turkey,2008,Developing,121,25,1.39,22.67,92.00,0,6.20,29,96,6.70,96.00,0.1,10856.90,70744321,5.00,4.80,0.71,12.50,1.00,73.37,,,,
Turkey,2007,Developing,124,26,1.26,115.58,96.00,3,59.30,31,96,6.40,96.00,0.1,9749.25,69597281,5.00,4.80,0.70,12.30,1.00,72.97,,,,
Turkey,2006,Developing,126,28,1.29,103.52,82.00,34,58.50,34,9,5.81,89.00,0.1,8348.69,68763453,5.00,4.80,0.69,11.90,1.00,72.57,,,,
Turkey,2005,Developing,129,30,1.29,832.96,85.00,6200,57.60,36,9,5.45,89.00,0.1,7384.35,67934652,5.00,4.90,0.68,11.90,1.00,72.17,,,,
Turkey,2004,Developing,132,33,1.35,1.13,77.00,8927,56.80,39,85,5.37,85.00,0.1,6472.95,67785541,5.10,4.90,0.68,12.00,1.00,71.77,,,,
Turkey,2003,Developing,135,35,1.42,459.11,68.00,5844,55.90,43,69,5.34,68.00,0.1,4718.51,66858332,5.10,5.00,0.67,11.90,1.00,71.37,,,,
Turkey,2002,Developing,138,38,1.47,35.56,72.00,7823,55.10,46,78,5.36,78.00,0.1,3665.57,65143545,5.20,5.00,0.66,11.50,1.00,70.79,,,,
Turkey,2001,Developing,14,41,1.49,256.43,77.00,30509,54.30,50,88,5.16,88.00,0.1,3119.64,64191474,5.20,5.10,0.65,11.10,1.00,70.22,,,,
Turkey,2000,Developing,143,44,1.54,421.30,71.00,16244,53.50,54,85,4.95,85.00,0.1,4316.55,63241211,5.30,5.20,0.64,10.70,1.00,69.64,,,,
Russian Federation,2021,Developing,225,14,8.40,1655.30,97.00,1523,62.40,14,94,8.50,97.00,0.1,10856.50,144953791,2.00,2.00,0.79,14.20,78.40,71.05,,,,
Russian Federation,2020,Developing,220,12,8.42,1640.50,96.00,213,62.70,13,95,8.30,96.00,0.1,11213.20,145168364,2.10,2.00,0.79,14.30,60.50,71.20,,,,
Russian Federation,2019,Developing,210,11,8.07,1548.30,96.00,1023,62.90,13,95,8.10,96.00,0.1,11558.50,145381821,2.10,2.10,0.79,14.40,2.00,73.08,,,,
Russian Federation,2018,Developing,213,12,8.48,1441.30,96.00,875,62.30,14,96,8.00,96.00,0.1,11023.50,145278557,2.10,2.20,0.80,14.40,1.00,72.66,,,,
Russian Federation,2017,Developing,216,12,8.89,1334.30,97.00,965,61.70,14,96,8.00,96.00,0.2,10465.25,145175293,2.20,2.20,0.80,14.50,0.00,72.45,,,,
Russian Federation,2016,Developing,219,12,9.30,1227.30,97.00,1234,61.10,15,97,7.90,96.00,0.1,10234.25,145072029,2.20,2.20,0.80,14.80,0.00,71.65,,,,
Russian Federation,2015,Developing,222,13,9.71,1120.30,97.00,843,60.50,15,97,7.80,97.00,0.1,9329.30,144968765,2.30,2.30,0.81,15.00,1.00,71.21,,,,
Russian Federation,2014,Developing,225,13,10.12,1340.55,97.00,4711,59.90,15,97,7.70,97.00,0.1,14125.96,143819661,2.30,2.30,0.80,14.90,2.00,71.18,,,,
Russian Federation,2013,Developing,229,14,10.58,1529.50,97.00,2339,59.30,16,98,7.90,97.00,0.2,15543.68,143569117,2.30,2.30,0.80,14.60,1.00,70.00,,,,
Russian Federation,2012,Developing,237,14,10.99,178.82,97.00,2123,58.70,16,98,6.88,97.00,0.3,15154.46,143216763,2.30,2.40,0.79,14.30,1.00,69.60,,,,
Russian Federation,2011,Developing,242,14,11.04,184.76,97.00,629,58.10,17,97,6.61,97.00,0.3,14212.69,142968684,2.30,2.40,0.79,14.00,0.00,69.40,,,,
Russian Federation,2010,Developing,256,15,11.05,162.81,97.00,129,57.50,17,98,6.83,97.00,0.2,1674.99,142849443,2.30,2.50,0.77,13.70,2.00,68.40,,,,
Russian Federation,2009,Developing,261,15,11.21,137.01,98.00,101,57.00,18,98,7.44,98.00,0.3,8562.90,142785344,2.30,2.50,0.78,14.00,1.00,68.20,,,,
Russian Federation,2008,Developing,278,16,12.04,161.73,98.00,27,56.60,18,98,6.22,98.00,0.3,11635.26,142742355,2.30,2.50,0.77,13.90,1.00,67.50,,,,
Russian Federation,2007,Developing,282,16,12.19,11.03,98.00,173,56.10,19,98,5.38,98.00,0.3,911.25,142858813,2.40,2.60,0.76,13.80,1.00,67.30,,,,
Russian Federation,2006,Developing,3,17,11.79,12.25,98.00,1147,55.70,20,98,5.30,98.00,0.3,692.19,143495285,2.40,2.70,0.75,13.80,0.00,66.40,,,,
Russian Federation,2005,Developing,327,18,11.57,625.51,97.00,454,55.30,20,98,5.21,98.00,0.3,5323.47,143518523,2.40,2.70,0.75,13.70,1.00,65.00,,,,
Russian Federation,2004,Developing,321,19,11.50,46.52,96.00,2444,55.00,21,98,5.19,97.00,0.3,412.37,144675421,2.50,2.80,0.74,13.60,1.00,64.90,,,,
Russian Federation,2003,Developing,322,20,11.32,333.21,94.00,3291,54.70,22,97,5.61,96.00,0.4,2975.13,144648257,2.60,2.80,0.73,13.20,0.00,64.60,,,,
Russian Federation,2002,Developing,313,20,10.87,266.54,81.00,580,54.50,24,97,5.99,97.00,0.3,2375.59,145364612,2.70,2.90,0.73,12.80,0.00,64.80,,,,
Russian Federation,2001,Developing,38,21,10.47,2.64,80.00,2072,54.20,25,97,5.67,96.00,0.3,21.36,145976831,2.80,3.00,0.72,12.50,0.00,65.10,,,,
Russian Federation,2000,Developing,37,22,10.18,224.46,78.00,4800,54.00,26,97,5.42,96.00,0.2,1771.59,146596557,2.90,3.00,0.71,12.00,1.00,65.00,,,,
United Kingdom of Great Britain and Northern Ireland,2021,Developed,78,3,9.72,5241.30,96.00,98,70.20,3,96,9.60,96.00,0.1,41952.00,67391977,0.85,0.50,0.91,16.40,192.40,79.60,,,,
United Kingdom of Great Britain and Northern Ireland,2020,Developed,75,2,9.75,5210.20,96.00,102,69.80,3,97,9.50,96.00,0.1,42013.00,67402190,0.90,0.60,0.92,16.60,162.30,80.20,,,,
United Kingdom of Great Britain and Northern Ireland,2019,Developed,66,2,9.74,5123.20,96.00,95,69.50,3,97,9.10,96.00,0.1,42330.00,67530172,0.90,0.60,0.93,16.70,1.00,81.27,,,,
United Kingdom of Great Britain and Northern Ireland,2018,Developed,67,2,9.97,5323.64,97.00,86,69.00,3,97,9.24,97.00,0.1,43043.00,67141684,0.85,0.60,0.93,16.60,2.00,81.15,,,,
United Kingdom of Great Britain and Northern Ireland,2017,Developed,68,2,10.20,5200.64,97.00,132,68.20,4,96,9.21,96.00,0.1,40361.00,66727461,0.85,0.60,0.93,16.50,1.00,81.09,,,,
United Kingdom of Great Britain and Northern Ireland,2016,Developed,68,3,10.43,5077.64,97.00,100,67.40,3,97,9.18,96.00,0.1,41064.00,66297944,0.80,0.60,0.92,16.40,0.00,81.04,,,,
United Kingdom of Great Britain and Northern Ireland,2015,Developed,69,3,10.66,4954.64,97.00,191,66.60,4,96,9.15,96.00,0.1,44975.00,65860146,0.80,0.60,0.91,16.30,1.00,80.98,,,,
United Kingdom of Great Britain and Northern Ireland,2014,Developed,71,3,10.37,4831.64,97.00,133,66.00,4,95,9.12,95.00,0.1,47426.00,65423047,0.80,0.50,0.89,16.20,0.00,80.93,,,,
United Kingdom of Great Britain and Northern Ireland,2013,Developed,72,3,10.32,483.19,97.00,1919,65.40,4,95,9.34,95.00,0.1,43445.00,64984018,0.80,0.50,0.87,16.20,1.00,80.87,,,,
United Kingdom of Great Britain and Northern Ireland,2012,Developed,72,3,10.42,4793.90,97.00,2092,64.80,4,95,9.41,95.00,0.1,42463.00,64525312,0.80,0.50,0.87,16.10,1.00,80.63,,,,
United Kingdom of Great Britain and Northern Ireland,2011,Developed,74,3,10.68,5439.69,97.00,1112,64.20,4,95,9.34,95.00,0.1,42039.00,64021919,0.80,0.50,0.86,16.10,0.00,80.40,,,,
United Kingdom of Great Britain and Northern Ireland,2010,Developed,77,3,10.88,5219.67,98.00,443,63.60,4,94,9.51,94.00,0.1,39436.00,63459808,0.80,0.50,0.85,16.00,1.00,80.16,,,,
United Kingdom of Great Britain and Northern Ireland,2009,Developed,78,4,10.79,5243.32,98.00,1212,63.10,4,93,9.81,93.00,0.1,38713.00,62828616,0.80,0.50,0.85,16.00,0.00,79.93,,,,
United Kingdom of Great Britain and Northern Ireland,2008,Developed,80,4,11.47,66.38,98.00,1445,62.50,4,92,8.85,92.00,0.1,47287.00,62145097,0.80,0.50,0.84,16.10,2.00,79.69,,,,
United Kingdom of Great Britain and Northern Ireland,2007,Developed,81,4,11.84,5228.82,98.00,1022,61.90,4,92,8.42,92.00,0.1,50567.00,61455162,0.70,0.50,0.84,16.10,2.00,79.43,,,,
United Kingdom of Great Britain and Northern Ireland,2006,Developed,82,4,11.61,473.19,97.00,764,61.30,4,92,8.36,92.00,0.1,44600.00,60821356,0.70,0.50,0.84,16.10,1.00,79.18,,,,
United Kingdom of Great Britain and Northern Ireland,2005,Developed,82,4,12.05,4506.26,96.00,79,6.70,4,91,8.24,91.00,0.1,42030.00,60287954,0.70,0.50,0.83,15.50,1.00,78.92,,,,
United Kingdom of Great Britain and Northern Ireland,2004,Developed,83,4,12.22,4270.91,94.00,189,6.10,4,92,7.98,92.00,0.1,40290.00,59872753,0.70,0.50,0.82,15.50,0.00,78.67,,,,
United Kingdom of Great Britain and Northern Ireland,2003,Developed,86,4,11.85,3519.26,81.00,460,59.50,4,91,7.81,91.00,0.1,34419.00,59561432,0.70,0.50,0.82,15.40,3.00,78.41,,,,
United Kingdom of Great Britain and Northern Ireland,2002,Developed,87,4,11.44,2883.33,80.00,314,58.80,4,91,7.57,91.00,0.1,30057.00,59326294,0.70,0.50,0.81,15.50,1.00,78.16,,,,
United Kingdom of Great Britain and Northern Ireland,2001,Developed,78,4,10.91,3.12,75.00,73,58.20,4,91,7.31,91.00,0.1,27745.00,59124288,0.70,0.50,0.80,15.60,1.00,77.75,,,,
United Kingdom of Great Britain and Northern Ireland,2000,Developed,77.8,4,10.59,31.51,75.00,104,57.50,5,91,6.94,91.00,0.1,28150.00,58923309,0.70,0.50,0.79,15.70,0.00,77.60,,,,
italy,2021,Developed,53,2,7.37,5241.30,93.00,168,64.60,2,91,9.60,94.00,0.1,37841.01,67408386,0.65,0.68,0.90,16.40,205.60,82.30,,,,
italy,2020,Developed,55,1,7.40,5210.20,92.00,125,64.10,3,92,9.55,95.00,0.1,38210.30,67525909,0.70,0.65,0.91,16.50,165.30,83.10,,,,
Italy,2019,Developed,54,1,7.38,5123.20,91.00,153,64.80,2,91,9.35,95.00,0.1,38494.76,67650446,0.70,0.70,0.92,16.60,1.00,83.57,,,,
Italy,2018,Developed,55,1,7.56,5323.64,95.00,98,64.50,3,96,9.32,93.00,0.1,37599.76,67602390,0.60,0.70,0.91,16.40,0.00,83.28,,,,
Italy,2017,Developed,55,1,7.02,5200.64,96.00,126,64.20,4,92,9.40,91.00,0.1,36704.76,67554334,0.60,0.50,0.91,16.40,1.00,83.10,,,,
Italy,2016,Developed,56,1,7.20,5077.64,95.00,230,63.90,2,92,9.16,92.00,0.1,35809.76,67506278,0.60,0.60,0.90,16.30,0.00,82.91,,,,
Italy,2015,Developed,56,1,7.38,4954.64,93.00,159,63.60,2,93,9.40,93.00,0.1,34914.76,67358222,0.60,0.60,0.88,16.30,3.00,82.70,,,,
Italy,2014,Developed,57,2,7.56,4831.64,95.00,0,63.10,2,95,9.25,95.00,0.1,35396.67,67891452,0.60,0.60,0.88,16.30,0.00,82.50,,,,
Italy,2013,Developed,58,2,7.35,483.19,96.00,0,62.60,2,96,9.22,96.00,0.1,35372.74,62339483,0.50,0.60,0.88,16.50,1.00,82.30,,,,
Italy,2012,Developed,59,2,7.49,4793.90,96.00,376,62.10,2,96,9.28,97.00,0.1,34814.12,59539717,0.50,0.60,0.88,16.60,2.00,82.00,,,,
Italy,2011,Developed,60,2,6.98,5439.69,96.00,5189,61.50,2,96,9.27,96.00,0.1,38334.68,59379449,0.50,0.50,0.87,16.40,0.00,82.00,,,,
Italy,2010,Developed,61,2,6.95,5219.67,96.00,372,61.00,2,96,9.42,96.00,0.1,35849.37,59277417,0.50,0.50,0.87,16.40,1.00,81.80,,,,
Italy,2009,Developed,61,2,7.25,5243.32,96.00,351,6.50,2,96,9.41,96.00,0.1,36976.85,59953656,0.50,0.50,0.87,16.30,0.00,81.60,,,,
Italy,2008,Developed,61,2,7.96,66.38,96.00,1617,59.90,2,96,8.89,96.00,0.1,34641.85,58826731,0.50,0.50,0.87,16.30,2.00,81.50,,,,
Italy,2007,Developed,63,2,8.37,5228.82,97.00,321,59.40,2,97,8.48,97.00,0.1,37698.79,58438311,0.50,0.50,0.86,16.10,1.00,81.30,,,,
Italy,2006,Developed,65,2,8.44,473.19,96.00,439,58.80,2,97,8.82,96.00,0.1,3341.75,58143979,0.50,0.50,0.86,16.00,0.00,81.20,,,,
Italy,2005,Developed,66,2,8.65,4506.26,96.00,135,58.20,2,97,8.71,95.00,0.1,31959.26,57969484,0.50,0.50,0.85,15.80,3.00,80.78,,,,
Italy,2004,Developed,66,2,8.98,4270.91,96.00,599,57.60,3,97,8.49,94.00,0.1,31174.56,57685327,0.50,0.50,0.85,15.60,0.00,80.53,,,,
Italy,2003,Developed,72,2,9.30,3519.26,95.00,10982,57.00,3,97,8.17,96.00,0.1,27387.23,57313231,0.50,0.50,0.84,15.40,1.00,80.29,,,,
Italy,2002,Developed,72,2,9.25,2883.33,95.00,9385,56.40,3,96,8.23,93.00,0.1,22196.57,57597223,0.50,0.50,0.84,15.20,0.00,80.00,,,,
Italy,2001,Developed,75,2,9.69,3.12,95.00,0,55.70,3,96,8.11,93.00,0.1,24.82,56974112,0.50,0.50,0.83,14.90,1.00,79.80,,,,
Italy,2000,Developed,77,3,9.78,31.51,94.00,1457,55.00,3,97,7.91,87.00,0.1,251.24,56942181,0.50,0.50,0.82,14.80,0.00,79.40,,,,
Spain,2021,Developed,42,1,8.86,4215.30,95.00,136,67.30,1,96,9.50,96.00,0.1,26142.30,46696662,0.40,0.40,0.91,18.10,168.50,81.40,,,,
Spain,2020,Developed,49,1,8.90,4102.30,94.00,124,67.70,1,96,9.42,96.00,0.1,26541.20,46842457,0.50,0.40,0.91,18.30,140.50,82.50,,,,
Spain,2019,Developed,52,1,8.86,4223.68,94.00,103,67.90,1,95,9.23,95.00,0.1,27753.85,46857033,0.50,0.40,0.92,18.40,1.00,83.49,,,,
Spain,2018,Developed,53,1.5,8.91,4255.78,96.00,154,67.60,1,97,9.33,96.00,0.1,31717.23,46754699,0.60,0.50,0.92,18.60,0.00,83.36,,,,
Spain,2017,Developed,54,1,8.96,4873.82,95.00,131,67.30,1,96,9.25,95.00,0.1,26718.85,46652365,0.60,0.40,0.91,18.30,0.00,83.19,,,,
Spain,2016,Developed,55,1,9.01,578.74,96.00,124,67.00,1,96,9.17,97.00,0.1,30682.23,46550031,0.60,0.40,0.90,18.10,2.00,83.02,,,,
Spain,2015,Developed,56,1,9.06,5047.25,97.00,115,66.60,1,97,9.09,97.00,0.1,25683.85,46447697,0.60,0.50,0.88,17.70,0.00,82.80,,,,
Spain,2014,Developed,58,1,9.11,42.99,96.00,154,66.00,1,97,9.30,97.00,0.1,29647.23,46488823,0.60,0.50,0.88,17.60,1.00,82.60,,,,
Spain,2013,Developed,60,1,9.25,423.68,95.00,131,65.40,2,96,9.10,96.00,0.1,29219.34,46624512,0.60,0.50,0.87,17.50,1.00,82.40,,,,
Spain,2012,Developed,61,1,9.35,4255.78,96.00,1204,64.80,2,97,9.39,97.00,0.1,28562.29,46773551,0.60,0.50,0.87,17.20,1.00,82.00,,,,
Spain,2011,Developed,63,1,9.62,4873.82,97.00,3802,64.10,2,97,9.48,97.00,0.1,31834.22,46742697,0.60,0.50,0.87,16.90,0.00,82.10,,,,
Spain,2010,Developed,64,1,9.78,578.74,97.00,302,63.50,2,97,9.56,97.00,0.1,37362.28,46576897,0.60,0.50,0.86,16.40,3.00,81.90,,,,
Spain,2009,Developed,66,2,9.99,5047.25,96.00,41,62.90,2,96,9.52,96.00,0.1,32333.47,46362946,0.60,0.50,0.86,16.30,1.00,81.60,,,,
Spain,2008,Developed,70,2,10.24,5596.54,97.00,297,62.30,2,97,8.80,97.00,0.1,35578.74,45954163,0.60,0.50,0.85,16.10,1.00,81.30,,,,
Spain,2007,Developed,72,2,11.05,510.93,96.00,267,61.70,2,96,8.36,96.00,0.1,32794.14,45226834,0.60,0.50,0.85,16.00,2.00,80.96,,,,
Spain,2006,Developed,73,2,11.86,4460.39,97.00,362,61.10,2,98,8.23,98.00,0.1,28482.69,44397319,0.60,0.50,0.84,15.90,1.00,80.70,,,,
Spain,2005,Developed,77,2,11.92,405.45,96.00,22,6.50,2,96,8.12,96.00,0.1,26517.17,43653155,0.60,0.50,0.84,15.80,0.00,80.43,,,,
Spain,2004,Developed,79,2,11.96,3715.37,97.00,26,59.90,2,97,8.50,97.00,0.1,24918.65,42921895,0.60,0.50,0.83,15.60,0.00,80.17,,,,
Spain,2003,Developed,83,2,12.09,3205.02,81.00,256,59.30,2,99,7.99,98.00,0.1,21495.77,42187645,0.60,0.50,0.83,15.60,1.00,79.40,,,,
Spain,2002,Developed,83,2,12.26,228.35,82.00,67,58.80,2,98,7.25,98.00,0.1,17195.35,41431558,0.60,0.50,0.83,15.70,1.00,79.50,,,,
Spain,2001,Developed,84,2,9.86,2044.17,83.00,0,58.20,2,95,7.24,96.00,0.1,15323.61,48541241,0.60,0.50,0.83,15.70,2.00,79.40,,,,
Spain,2000,Developed,86,2,11.12,1934.40,77.00,152,57.60,2,95,7.21,95.00,0.1,14676.77,45678643,0.60,0.50,0.82,15.70,1.00,79.10,,,,
Germany,2021,Developed,59,1,9.41,1021.30,85.00,652,61.40,2,93,11.23,95.00,0.1,46871.30,89666181,1.00,1.00,0.90,17.20,103.25,79.50,,,,
Germany,2020,Developed,54,1,9.64,998.20,86.00,412,61.30,2,94,11.50,94.00,0.1,47123.00,89707434,1.00,1.00,0.91,17.30,84.30,80.30,,,,
Germany,2019,Developed,48,1,9.78,941.76,85.00,756,60.70,2,93,11.56,94.00,0.1,47326.20,89739579,1.00,1.00,0.92,17.50,1.00,81.26,,,,
Germany,2018,Developed,49,2,10.03,895.88,86.00,857,61.10,2.6,93,11.43,94.00,0.1,48265.30,89226337,1.10,1.10,0.92,17.40,1.00,81.10,,,,
Germany,2017,Developed,52,2,10.28,839.91,87.00,968,61.50,2.5,93,11.30,94.00,0.1,48652.12,88713095,1.10,1.10,0.93,17.30,1.00,80.97,,,,
Germany,2016,Developed,54,2,10.53,869.79,87.00,1253,61.90,3,93,11.46,94.00,0.1,49157.53,88199853,1.10,1.10,0.93,17.20,0.00,80.84,,,,
Germany,2015,Developed,68,2,10.78,7584.08,88.00,2464,62.30,3,94,11.43,95.00,0.1,41176.88,87686611,1.10,1.10,0.92,17.10,2.00,80.70,,,,
Germany,2014,Developed,69,2,11.03,941.76,88.00,443,61.90,3,94,11.30,95.00,0.1,47926.53,87825112,1.10,1.10,0.92,17.00,0.00,80.57,,,,
Germany,2013,Developed,71,2,10.94,895.88,88.00,1771,61.40,3,94,11.16,95.00,0.1,46539.11,86456523,1.10,1.10,0.92,16.90,1.00,80.44,,,,
Germany,2012,Developed,71,2,11.18,839.91,88.00,166,6.90,3,94,1.99,95.00,0.1,44652.49,84258231,1.10,1.10,0.92,16.90,1.00,80.30,,,,
Germany,2011,Developed,74,2,11.20,869.79,88.00,1607,6.40,3,94,1.93,95.00,0.1,46813.28,82749835,1.10,1.10,0.91,16.80,1.00,80.16,,,,
Germany,2010,Developed,76,2,11.20,7584.08,88.00,780,59.90,3,94,11.25,95.00,0.1,41785.56,81776933,1.10,1.10,0.91,16.70,1.00,80.01,,,,
Germany,2009,Developed,79,2,11.22,7641.27,88.00,574,59.50,3,95,11.40,96.00,0.1,41732.77,81923791,1.10,1.10,0.91,16.70,0.00,79.87,,,,
Germany,2008,Developed,80,2,11.36,8285.26,87.00,917,59.00,3,95,10.39,96.00,0.1,45699.20,82119735,1.10,1.10,0.90,16.60,1.00,79.73,,,,
Germany,2007,Developed,82,3,11.50,7777.56,86.00,567,58.50,3,95,10.18,96.00,0.1,41814.82,82266372,1.10,1.10,0.90,16.60,0.00,79.51,,,,
Germany,2006,Developed,84,3,11.76,6407.54,87.00,2307,58.00,3,94,10.34,96.00,0.1,36447.87,82376451,1.10,1.10,0.89,16.50,1.00,79.29,,,,
Germany,2005,Developed,85,3,11.67,6012.93,89.00,778,57.60,3,95,10.52,96.00,0.1,34696.63,82469422,1.10,1.10,0.88,16.40,0.00,79.06,,,,
Germany,2004,Developed,86,3,11.83,5842.37,88.00,121,57.10,3,96,10.37,96.00,0.1,34165.93,82516263,1.10,1.10,0.88,16.40,0.00,78.84,,,,
Germany,2003,Developed,90,3,11.92,582.62,89.00,779,56.60,4,96,10.62,97.00,0.1,3359.95,82534176,1.10,1.10,0.87,16.30,3.00,78.50,,,,
Germany,2002,Developed,91,3,12.25,437.11,87.00,4657,56.10,4,97,10.40,93.00,0.1,2525.16,82488495,1.20,1.10,0.87,16.30,1.00,78.40,,,,
Germany,2001,Developed,92,3,12.46,4057.64,86.00,6024,55.60,4,96,10.15,93.00,0.1,23687.32,82349925,1.20,1.10,0.86,16.20,1.00,78.30,,,,
Germany,2000,Developed,95,3,12.91,4238.54,84.00,0,55.10,4,94,10.10,90.00,0.1,23718.75,82211581,1.20,1.20,0.86,16.20,1.00,77.83,,,,
Argentina,2021,Developing,115,8,7.30,915.30,94.00,13,64.10,9,94,5.21,93.00,0.1,11952.30,46464890,0.90,0.80,0.82,17.20,155.25,75.09,,,,
Argentina,2020,Developing,102,7,7.20,802.50,94.00,10,64.80,9,95,5.13,92.00,0.1,12002.30,46496131,0.80,0.82,0.83,17.40,110.50,76.01,,,,
Argentina,2019,Developing,85,7,7.18,953.20,94.00,0,65.20,9,94,4.19,91.00,0.1,12245.26,46626345,0.90,0.85,0.83,17.50,1.00,76.59,,,,
Argentina,2018,Developing,91,7,7.33,1246.32,94.00,6,64.60,9,93,4.31,93.00,0.1,12976.64,45824200,0.90,0.90,0.83,17.40,0.00,76.45,,,,
Argentina,2017,Developing,95,8,7.48,1001.80,93.00,3,64.00,9,92,4.43,92.00,0.1,12969.77,45022055,0.90,0.85,0.83,17.50,1.00,76.26,,,,
Argentina,2016,Developing,102,8,7.63,1133.56,94.00,2,63.40,9,92,4.55,93.00,0.1,12726.98,44219910,1.00,0.85,0.83,17.40,0.00,76.14,,,,
Argentina,2015,Developing,110,8,7.78,1504.33,94.00,0,62.80,9,93,4.67,94.00,0.1,13467.12,43417765,1.00,0.90,0.83,17.30,2.00,75.98,,,,
Argentina,2014,Developing,115,8,7.93,187.61,94.00,1,62.20,9,92,4.79,94.00,0.1,12245.26,42981515,1.00,0.90,0.83,17.30,0.00,75.83,,,,
Argentina,2013,Developing,119,8,8.28,1001.80,94.00,0,61.60,10,99,4.99,94.00,0.1,12976.64,42539925,1.00,0.90,0.82,17.30,3.00,75.67,,,,
Argentina,2012,Developing,122,9,8.35,1133.56,91.00,2,61.00,10,99,5.20,91.00,0.1,12969.77,42967391,1.00,0.90,0.82,17.20,1.00,75.51,,,,
Argentina,2011,Developing,121,9,8.11,1504.33,91.00,3,6.40,10,93,5.89,91.00,0.1,12726.98,41656879,1.00,0.90,0.82,17.10,0.00,75.35,,,,
Argentina,2010,Developing,121,10,8.15,187.61,94.00,17,59.80,11,95,6.55,94.00,0.1,1276.27,41223889,1.00,0.90,0.80,16.80,1.00,75.19,,,,
Argentina,2009,Developing,126,10,8.33,1398.04,94.00,3,59.20,11,97,7.63,94.00,0.1,8161.37,47994721,1.00,0.90,0.79,16.50,1.00,75.03,,,,
Argentina,2008,Developing,126,10,8.41,1413.74,90.00,0,58.60,11,94,6.66,93.00,0.1,8953.36,43823893,1.00,0.90,0.79,16.30,1.00,74.87,,,,
Argentina,2007,Developing,129,10,8.16,1105.66,85.00,0,58.00,12,92,6.49,91.00,0.1,7193.62,39972241,1.10,0.90,0.79,16.30,0.00,74.80,,,,
Argentina,2006,Developing,127,11,7.75,961.18,84.00,0,57.50,12,92,6.68,91.00,0.1,5878.76,39558893,1.10,0.90,0.78,16.10,2.00,74.53,,,,
Argentina,2005,Developing,127,11,7.53,96.17,88.00,0,56.90,12,95,6.85,98.00,0.1,576.88,39145488,1.10,1.00,0.78,16.30,1.00,74.36,,,,
Argentina,2004,Developing,130,11,7.63,719.37,81.00,0,56.30,12,91,6.84,98.00,0.1,4251.57,38728696,1.10,1.00,0.78,16.30,1.00,74.19,,,,
Argentina,2003,Developing,137,11,7.62,57.58,73.00,0,55.70,13,95,8.22,96.00,0.1,333.44,38393791,1.20,1.00,0.77,16.40,1.00,74.02,,,,
Argentina,2002,Developing,138,12,7.81,470.19,66.00,0,55.10,13,94,8.31,93.00,0.1,2579.19,37889371,1.20,1.00,0.78,16.30,0.00,73.84,,,,
Argentina,2001,Developing,138,12,7.76,123.01,65.00,0,54.60,13,85,9.38,83.00,0.1,717.69,37471592,1.20,1.10,0.77,15.60,1.00,73.66,,,,
Argentina,2000,Developing,137,12,7.68,1349.03,62.00,6,54.00,14,88,9.21,83.00,0.1,7669.27,37574523,1.20,1.10,0.76,15.00,1.00,73.48,,,,
Colombia,2021,Developing,153,11,4.31,146.90,91.00,2,58.60,10,92,7.62,91.00,0.1,7124.20,51278560,2.10,1.80,0.76,13.60,159.25,75.29,,,,
Colombia,2020,Developing,150,10,4.30,145.30,90.00,1,58.80,11,91,7.82,91.00,0.1,7423.00,51403096,2.20,1.80,0.76,13.80,87.50,76.30,,,,
Colombia,2019,Developing,142,9,4.29,143.24,89.00,1,59.10,10,91,7.95,89.00,0.1,7727.26,51434521,2.01,1.80,0.77,13.90,1.00,77.19,,,,
Colombia,2018,Developing,143,10,4.29,151.16,90.00,1,58.90,11,90,7.80,91.00,0.1,6985.26,50633065,2.00,1.80,0.76,13.80,2.00,77.02,,,,
Colombia,2017,Developing,142,11,4.32,1487.90,92.00,2,58.30,13,91,7.65,91.00,0.1,6805.26,49831609,2.10,1.90,0.75,13.70,1.00,76.81,,,,
Colombia,2016,Developing,144,10,4.32,184.31,91.00,0,58.10,12,91,7.50,85.00,0.1,6625.26,49030153,2.10,1.90,0.74,13.70,0.00,76.61,,,,
Colombia,2015,Developing,143,10,4.35,113.24,91.00,1,57.90,12,85,7.35,91.00,0.1,6445.26,48228697,2.10,1.90,0.72,13.60,1.00,76.40,,,,
Colombia,2014,Developing,144,11,4.38,1435.49,90.00,0,57.20,12,90,7.20,90.00,0.1,7913.38,47791911,2.10,1.90,0.72,13.60,1.00,76.20,,,,
Colombia,2013,Developing,145,11,4.41,1516.26,91.00,1,56.40,13,91,6.84,91.00,0.1,8358.63,47342981,2.10,1.90,0.71,13.30,3.00,75.99,,,,
Colombia,2012,Developing,143,11,4.44,1487.90,92.00,1,55.70,13,91,6.93,91.00,0.1,7884.98,46881475,2.10,1.90,0.71,13.20,1.00,75.76,,,,
Colombia,2011,Developing,144,12,4.37,1843.07,85.00,6,55.00,14,85,6.64,85.00,0.1,7227.74,46466461,2.20,2.00,0.70,13.00,1.00,75.53,,,,
Colombia,2010,Developing,150,12,4.28,1132.44,88.00,0,54.20,15,88,6.76,88.00,0.1,6256.55,45918972,2.20,2.00,0.70,12.80,1.00,75.29,,,,
Colombia,2009,Developing,150,13,4.34,941.65,92.00,0,53.50,15,92,7.10,92.00,0.1,5148.42,45416181,2.20,2.00,0.69,12.40,2.00,75.06,,,,
Colombia,2008,Developing,146,14,4.45,978.07,92.00,0,52.80,16,92,6.62,92.00,0.1,5433.72,44915443,2.30,2.00,0.68,12.20,1.00,74.83,,,,
Colombia,2007,Developing,144,14,4.66,780.59,93.00,0,52.00,17,93,6.25,93.00,0.1,4674.22,44374572,2.30,2.10,0.68,11.90,1.00,74.59,,,,
Colombia,2006,Developing,147,15,4.53,624.37,93.00,0,51.30,17,94,6.11,93.00,0.1,3797.88,43835722,2.30,2.10,0.67,11.50,3.00,74.36,,,,
Colombia,2005,Developing,144,15,4.38,531.98,93.00,0,5.50,18,93,5.82,93.00,0.1,3386.26,43285634,2.40,2.10,0.66,11.10,1.00,74.12,,,,
Colombia,2004,Developing,148,16,4.26,421.80,89.00,0,49.80,19,89,5.37,89.00,0.1,274.25,42724163,2.40,2.20,0.66,11.30,1.00,73.89,,,,
Colombia,2003,Developing,150,16,4.25,417.80,92.00,0,49.00,19,92,5.92,92.00,0.1,2246.26,42152151,2.50,2.20,0.66,11.60,1.00,73.65,,,,
Colombia,2002,Developing,163,17,4.45,393.88,78.00,139,48.20,20,83,5.67,81.00,0.1,2355.73,41572491,2.50,2.30,0.66,11.50,1.00,73.35,,,,
Colombia,2001,Developing,165,17,4.43,404.42,80.00,3,47.50,21,83,5.96,80.00,0.1,2395.86,39498899,2.50,2.30,0.65,11.40,1.00,73.04,,,,
Colombia,2000,Developing,167,18,4.66,477.13,78.00,1,46.70,21,82,5.91,79.00,0.1,2472.20,39244395,2.60,2.30,0.65,11.30,0.00,72.74,,,,
Poland,2021,Developed,165,1,11.58,2851.30,95.00,3,62.80,1,94,7.21,97.00,0.1,15987.21,38826560,1.82,1.84,0.86,16.30,187.50,77.06,,,,
Poland,2020,Developed,160,1,11.50,2785.40,95.00,12,63.20,1,93,7.02,97.00,0.1,16201.30,38858705,1.80,1.84,0.87,16.50,102.50,77.98,,,,
Poland,2019,Developed,112,1,11.46,2702.32,95.00,2,63.50,1,93,6.84,97.00,0.1,16707.03,39001241,1.81,1.85,0.88,16.70,1.00,78.62,,,,
Poland,2018,Developed,117,1,11.31,2758.08,95.00,36,63.10,1,94,6.72,97.00,0.1,15471.03,38886957,1.80,1.90,0.87,16.70,1.00,78.46,,,,
Poland,2017,Developed,116,2,11.16,2678.08,96.00,15,62.70,2,95,6.60,98.00,0.1,14235.03,38874562,1.90,2.10,0.86,16.60,1.00,78.20,,,,
Poland,2016,Developed,115,2,11.01,2598.08,96.00,12,62.30,2,95,6.59,98.00,0.1,13801.99,38812959,1.90,2.00,0.86,16.40,2.00,77.94,,,,
Poland,2015,Developed,117,2,10.86,2518.08,96.00,0,61.70,2,96,6.47,98.00,0.1,12565.99,37986412,1.90,2.00,0.85,16.40,1.00,77.50,,,,
Poland,2014,Developed,121,2,10.71,2438.08,96.00,0,61.10,2,94,6.35,98.00,0.1,14341.68,38117353,1.90,2.10,0.85,16.40,2.00,77.30,,,,
Poland,2013,Developed,122,2,11.63,2343.53,96.00,84,60.40,2,95,6.40,99.00,0.1,13785.49,38419671,2.00,2.10,0.84,15.40,1.00,77.10,,,,
Poland,2012,Developed,125,2,10.81,2300.40,97.00,71,59.70,2,95,6.62,99.00,0.1,13145.15,38631646,2.00,2.10,0.83,15.30,21.00,76.80,,,,
Poland,2011,Developed,128,2,10.93,2500.77,98.00,0,59.10,2,96,6.70,99.00,0.1,13893.19,38632555,2.00,2.20,0.83,15.40,0.00,76.70,,,,
Poland,2010,Developed,130,2,10.59,2204.92,98.00,13,58.40,2,96,6.88,99.00,0.1,12599.52,38427943,2.10,2.20,0.82,15.10,1.00,76.30,,,,
Poland,2009,Developed,136,2,10.70,1299.16,98.00,115,57.80,3,96,7.12,99.00,0.1,11527.59,38151632,2.10,2.30,0.82,15.10,0.00,75.70,,,,
Poland,2008,Developed,140,2,11.40,1571.47,98.00,0,57.20,3,96,6.88,99.00,0.1,14144.69,38125759,2.20,2.30,0.81,15.00,1.00,75.50,,,,
Poland,2007,Developed,144,2,10.90,1430.42,98.00,40,56.60,3,99,6.28,99.00,0.1,11263.19,38125631,2.20,2.40,0.81,15.00,0.00,75.30,,,,
Poland,2006,Developed,144,2,10.40,914.56,98.00,120,56.00,3,99,6.17,99.00,0.1,9477.26,38141267,2.30,2.40,0.80,15.00,1.00,75.20,,,,
Poland,2005,Developed,144,2,9.50,794.15,98.00,13,55.50,3,99,6.20,99.00,0.1,8212.52,38165445,2.30,2.50,0.80,14.80,0.00,75.00,,,,
Poland,2004,Developed,143,2,9.19,648.07,98.00,11,55.00,3,99,6.19,99.00,0.1,6681.18,38182222,2.40,2.50,0.80,15.50,1.00,74.90,,,,
Poland,2003,Developed,142,3,9.06,542.02,97.00,48,54.50,3,98,6.22,99.00,0.1,5693.52,38245751,2.40,2.60,0.80,15.30,0.00,74.70,,,,
Poland,2002,Developed,145,3,8.02,516.06,98.00,34,54.00,3,98,6.32,99.00,0.1,5196.93,38233641,2.50,2.60,0.79,15.00,1.00,74.50,,,,
Poland,2001,Developed,149,3,7.74,466.74,95.00,133,53.60,3,98,5.86,98.00,0.1,4981.20,38248760,2.50,2.70,0.78,14.70,0.00,74.20,,,,
Poland,2000,Developed,153,3,8.40,412.43,99.00,77,53.10,4,98,5.50,98.00,0.1,4492.73,38258629,2.50,2.80,0.78,14.60,1.00,73.70,,,,
Iran ,2021,Developing,102,21,0.02,484.00,96.00,21,61.60,18,97,7.82,97.00,0.1,5002.00,82658952,8.60,9.00,0.75,14.80,92.18,74.79,,,,
Iran ,2020,Developing,95,17,0.02,478.00,97.00,31,62.10,19,97,7.61,97.00,0.1,5210.00,82801483,8.70,8.90,0.78,15.00,43.20,75.23,,,,
Iran ,2019,Developing,85,16,0.01,458.00,97.00,12,62.50,19,97,7.21,97.00,0.1,5450.00,82913906,8.70,8.80,0.79,15.40,2.00,76.55,,,,
Iran ,2018,Developing,77,17,0.01,379.00,97.00,85,61.80,19,97,7.24,98.00,0.1,5550.00,81800188,8.65,8.70,0.79,15.30,1.00,76.35,,,,
Iran ,2017,Developing,78,17,0.01,387.00,97.00,90,61.10,21,97,7.18,98.00,0.1,5520.00,80673883,8.60,8.58,0.78,15.10,1.00,76.09,,,,
Iran ,2016,Developing,80,18,0.02,399.00,98.00,95,60.40,20,98,7.13,98.00,0.1,5253.00,79563989,8.60,8.65,0.78,15.00,1.00,75.83,,,,
Iran ,2015,Developing,83,18,0.01,365.00,98.00,615,59.70,21,98,7.01,98.00,0.1,4904.00,78492215,8.50,8.60,0.77,14.80,2.00,75.56,,,,
Iran ,2014,Developing,83,19,0.01,419.00,99.00,99,58.50,22,99,6.89,99.00,0.1,5586.00,77465770,8.30,8.40,0.77,14.90,1.00,75.30,,,,
Iran ,2013,Developing,83,20,0.01,526.00,99.00,189,57.20,23,98,6.49,98.00,0.1,6018.00,76481961,8.20,8.30,0.77,15.00,1.00,75.04,,,,
Iran ,2012,Developing,85,21,0.01,512.00,98.00,332,56.00,24,99,6.98,99.00,0.1,7928.00,75539878,8.00,8.20,0.76,13.60,2.00,74.58,,,,
Iran ,2011,Developing,93,22,0.03,446.00,99.00,73,54.80,25,99,7.12,99.00,0.1,7781.00,74634957,7.90,8.10,0.75,13.10,2.00,74.11,,,,
Iran ,2010,Developing,116,22,0.03,371.00,99.00,538,53.60,26,99,8.20,99.00,0.1,6600.00,73762519,7.80,8.00,0.74,12.90,1.00,73.65,,,,
Iran ,2009,Developing,122,23,0.03,302.00,99.00,262,52.50,27,99,7.63,99.00,0.1,5710.00,72924837,7.70,7.90,0.73,12.80,1.00,73.18,,,,
Iran ,2008,Developing,135,24,0.02,248.00,99.00,127,51.40,28,99,6.28,99.00,0.1,5717.00,72120604,7.60,7.80,0.72,12.10,2.00,72.72,,,,
Iran ,2007,Developing,138,25,0.02,200.00,97.00,133,5.40,29,98,5.84,99.00,0.1,4905.00,71336475,7.50,7.80,0.70,11.80,1.00,72.41,,,,
Iran ,2006,Developing,139,26,0.02,175.00,98.00,220,49.40,30,99,5.95,98.00,0.1,3774.00,70554760,7.40,7.70,0.69,11.40,1.00,72.09,,,,
Iran ,2005,Developing,139,27,0.01,142.00,94.00,277,48.50,32,95,6.60,95.00,0.1,3246.00,69762347,7.40,7.70,0.69,11.40,1.00,71.78,,,,
Iran ,2004,Developing,139,28,0.01,117.00,95.00,302,47.60,33,98,5.89,99.00,0.1,2756.00,68951281,7.40,7.70,0.69,11.80,1.00,71.46,,,,
Iran ,2003,Developing,154,29,0.01,106.00,98.00,11644,46.90,35,99,5.42,99.00,0.1,2254.00,68122938,7.50,7.70,0.68,11.80,1.00,71.15,,,,
Iran ,2002,Developing,142,31,0.01,95.00,99.00,9554,46.20,37,99,5.39,99.00,0.1,1912.00,67284796,7.60,7.70,0.67,11.90,1.00,70.74,,,,
Iran ,2001,Developing,146,33,0.01,81.00,94.00,9582,45.50,40,95,5.20,96.00,0.1,1909.00,66449112,7.70,7.80,0.67,11.60,1.00,70.33,,,,
Iran ,2000,Developing,150,35,0.01,79.00,99.00,11874,44.90,43,99,4.47,99.00,0.1,1670.00,65623405,7.80,7.90,0.66,11.60,0.00,69.91,,,,
Mexico,2021,Developing,196,28,5.80,1998.30,85.00,2,65.60,35,87,5.60,84.00,0.1,8997.00,128173125,1.35,1.35,0.75,13.40,172.57,73.27,,,,
Mexico,2020,Developing,193,28,5.50,1980.20,83.00,1,65.80,33,85,6.00,83.00,0.1,9210.00,128275536,1.40,1.35,0.75,13.60,105.60,74.20,,,,
Mexico,2019,Developing,183,28,5.40,1912.30,81.00,1,66.30,32,84,6.20,83.00,0.1,9499.13,128400072,1.40,1.40,0.77,13.70,1.00,75.07,,,,
Mexico,2018,Developing,168,29,5.41,1809.30,83.00,15,65.60,32,85,6.15,85.00,0.1,9410.13,127546861,1.50,1.40,0.77,13.70,1.00,74.98,,,,
Mexico,2017,Developing,173,29,5.37,1706.30,81.00,4,64.90,33,86,6.25,86.00,0.1,9321.13,127605917,1.50,1.40,0.76,13.50,1.00,74.97,,,,
Mexico,2016,Developing,164,30,5.34,1887.74,82.00,0,64.20,34,86,6.20,88.00,0.1,9232.13,126752706,1.50,1.50,0.76,13.40,1.00,74.96,,,,
Mexico,2015,Developing,175,30,5.30,1784.74,83.00,0,63.50,35,87,6.40,87.00,0.1,9143.13,125899495,1.50,1.50,0.76,13.30,1.00,74.96,,,,
Mexico,2014,Developing,173,31,5.27,1681.74,84.00,3,62.80,36,87,6.30,87.00,0.1,1452.28,124221611,1.60,1.50,0.75,13.10,2.00,74.95,,,,
Mexico,2013,Developing,162,32,5.23,1504.09,82.00,0,62.10,37,83,6.30,83.00,0.1,1298.87,122535969,1.60,1.50,0.75,12.90,1.00,74.94,,,,
Mexico,2012,Developing,158,33,5.29,1126.96,99.00,0,61.50,38,99,6.21,99.00,0.1,9825.33,128283701,1.60,1.50,0.75,12.70,2.00,74.99,,,,
Mexico,2011,Developing,149,34,5.30,1117.20,98.00,3,60.80,39,97,6.40,97.00,0.1,9834.47,119917121,1.60,1.60,0.75,12.60,2.00,75.04,,,,
Mexico,2010,Developing,138,35,5.21,1033.04,93.00,0,60.10,40,95,6.39,95.00,0.1,8959.58,117318941,1.60,1.60,0.74,12.50,1.00,75.08,,,,
Mexico,2009,Developing,130,36,5.27,881.74,95.00,0,59.40,42,95,6.60,95.00,0.1,7748.12,115552281,1.70,1.60,0.74,12.50,0.00,75.13,,,,
Mexico,2008,Developing,127,37,5.36,1598.77,97.00,0,58.70,43,96,6.60,96.00,0.1,9689.53,113661895,1.70,1.60,0.74,12.30,1.00,75.18,,,,
Mexico,2007,Developing,123,38,5.35,1057.48,98.00,0,57.90,45,98,5.92,98.00,0.1,9333.42,111836346,1.70,1.70,0.73,12.30,0.00,75.17,,,,
Mexico,2006,Developing,125,40,5.11,980.25,98.00,23,57.20,47,98,5.83,98.00,0.1,8767.92,119237812,1.80,1.70,0.72,12.20,1.00,75.15,,,,
Mexico,2005,Developing,126,42,4.93,998.35,98.00,6,56.40,49,98,6.40,98.00,0.1,7986.80,184722281,1.80,1.70,0.72,12.20,2.00,75.14,,,,
Mexico,2004,Developing,124,44,4.90,920.83,98.00,64,55.70,52,98,6.11,98.00,0.1,7199.60,169955835,1.80,1.80,0.71,12.10,1.00,75.12,,,,
Mexico,2003,Developing,127,46,4.88,781.21,98.00,44,54.90,55,98,6.20,98.00,0.1,6752.00,156445331,1.90,1.80,0.71,11.90,0.00,75.11,,,,
Mexico,2002,Developing,127,49,4.77,128.60,97.00,0,54.10,58,98,5.52,97.00,0.1,7168.21,143556812,1.90,1.80,0.70,11.60,2.00,74.76,,,,
Mexico,2001,Developing,126,52,4.86,133.11,97.00,3,53.20,62,97,5.35,97.00,0.1,7313.79,136768261,1.90,1.90,0.70,11.60,1.00,74.40,,,,
Mexico,2000,Developing,129,55,4.99,102.28,97.00,30,52.40,66,97,4.98,97.00,0.1,6729.21,117196731,2.00,1.90,0.69,11.40,0.00,74.05,,,,
Ukraine,2019,Developing,263,5,9.02,389.50,26.00,413,63.10,3,42,7.10,23.00,0.2,3651.20,44328106,2.10,2.40,0.74,15.10,112.20,70.75,,,,
Ukraine,2018,Developing,251,3,8.90,321.20,28.00,102,63.40,4,44,7.02,28.00,0.2,3738.91,44452642,2.20,2.30,0.75,15.30,76.50,71.21,,,,
Ukraine,2019,Developing,184,3,8.81,453.78,30.00,13,64.00,4,46,7.25,27.00,0.1,3841.21,44576895,2.20,2.20,0.76,15.50,1.00,71.96,,,,
Ukraine,2018,Developing,183,4,8.66,415.16,29.00,65,63.40,4,48,7.22,30.00,0.1,3354.58,44123001,2.20,2.30,0.75,15.40,1.00,71.82,,,,
Ukraine,2017,Developing,187,4,8.51,375.68,27.00,12,62.50,4,54,7.19,35.00,0.2,2228.66,43546721,2.30,2.30,0.75,15.30,1.00,71.64,,,,
Ukraine,2016,Developing,191,4,8.36,324.55,25.00,0,61.90,5,50,7.16,42.00,0.2,3250.58,43267877,2.30,2.30,0.75,15.40,1.00,71.46,,,,
Ukraine,2015,Developing,195,4,8.21,456.46,22.00,105,61.30,5,51,7.13,23.00,0.2,2124.66,44471515,2.30,2.40,0.75,15.30,2.00,71.27,,,,
Ukraine,2014,Developing,198,4,8.06,566.38,22.00,0,60.70,5,45,7.10,23.00,0.2,3146.58,44374516,2.30,2.40,0.75,15.20,1.00,71.09,,,,
Ukraine,2013,Developing,292,4,8.44,524.25,46.00,0,60.10,5,72,7.67,76.00,0.2,3429.72,43781295,2.30,2.40,0.74,15.20,2.00,70.91,,,,
Ukraine,2012,Developing,225,5,8.44,453.78,46.00,12746,59.60,5,72,7.47,76.00,0.2,3855.42,42348225,2.40,2.40,0.74,15.10,1.00,70.31,,,,
Ukraine,2011,Developing,224,5,8.48,415.16,21.00,1333,59.00,5,54,6.98,51.00,0.2,3569.76,41683865,2.40,2.50,0.73,14.90,2.00,69.70,,,,
Ukraine,2010,Developing,212,5,8.39,375.68,48.00,39,58.50,6,57,7.81,52.00,0.2,2965.14,43645877,2.40,2.50,0.73,14.90,1.00,69.10,,,,
Ukraine,2009,Developing,231,5,8.71,324.55,66.00,0,58.00,6,74,7.80,71.00,0.3,2545.48,43546533,2.50,2.60,0.73,14.90,1.00,68.49,,,,
Ukraine,2008,Developing,273,5,9.46,456.46,84.00,48,57.60,6,91,6.63,91.00,0.4,3891.38,43462582,2.50,2.60,0.73,14.90,0.00,67.89,,,,
Ukraine,2007,Developing,277,5,8.86,46.20,92.00,1005,57.20,6,98,6.36,98.00,0.7,3686.90,43465935,2.50,2.70,0.72,14.80,1.00,67.80,,,,
Ukraine,2006,Developing,267,5,7.99,29.38,96.00,42724,56.80,6,99,6.39,98.00,0.8,2331.88,43267877,2.60,2.70,0.72,14.70,0.00,67.72,,,,
Ukraine,2005,Developing,278,5,7.31,217.43,97.00,2392,56.40,6,95,6.41,96.00,0.9,1828.72,42471515,2.70,2.80,0.71,14.50,1.00,67.63,,,,
Ukraine,2004,Developing,267,5,6.79,180.35,98.00,146,56.10,6,99,6.61,99.00,1,1367.35,41374516,2.70,2.80,0.70,14.60,0.00,67.55,,,,
Ukraine,2003,Developing,256,6,5.92,21.22,77.00,411,55.70,6,99,6.93,97.00,0.9,948.52,41781295,2.80,2.90,0.69,14.30,1.00,67.46,,,,
Ukraine,2002,Developing,256,6,4.89,115.74,48.00,7587,55.40,7,99,6.25,99.00,0.9,879.48,40348225,2.90,3.00,0.68,13.90,1.00,67.44,,,,
Ukraine,2001,Developing,253,6,4.31,8.90,57.00,16970,55.10,7,99,5.66,99.00,0.8,787.38,40683865,2.90,3.00,0.67,13.20,2.00,67.42,,,,
Ukraine,2000,Developing,257,6,4.49,7.88,44.00,817,54.80,8,99,5.59,99.00,0.7,635.79,39175848,3.00,3.10,0.67,13.30,0.00,67.39,,,,
Peru,2021,Developing,165,9,5.56,1282.30,86.00,3,59.10,10,75,5.70,82.00,0.1,6120.50,32359689,1.20,1.20,0.74,13.10,201.50,74.63,,,,
Peru,2020,Developing,153,9,5.52,1203.50,87.00,2,59.60,10,76,5.75,83.00,0.1,6321.20,32373942,1.00,1.10,0.74,13.50,165.30,75.30,,,,
Peru,2019,Developing,144,7,5.49,1101.20,88.00,1,60.40,9,77,5.92,84.00,0.1,6754.33,32516478,1.00,1.00,0.75,13.70,1.00,76.73,,,,
Peru,2018,Developing,120,7,5.48,1146.57,88.00,0,59.20,9,78,5.83,86.00,0.1,6722.38,32145671,1.00,1.00,0.75,13.50,1.00,76.51,,,,
Peru,2017,Developing,121,7,5.42,1103.36,89.00,2,58.00,10,75,5.74,88.00,0.1,6593.03,31854679,1.00,1.00,0.74,13.60,2.00,76.28,,,,
Peru,2016,Developing,122,8,5.41,1060.15,89.00,6,56.80,10,89,5.65,87.00,0.1,6463.68,31623491,1.10,1.00,0.74,13.50,1.00,76.04,,,,
Peru,2015,Developing,123,8,5.40,1016.94,89.00,4,55.60,10,88,5.56,89.00,0.1,6334.33,31376671,1.10,1.10,0.74,13.40,0.00,75.50,,,,
Peru,2014,Developing,125,8,5.39,973.73,88.00,0,54.90,10,78,5.47,88.00,0.1,6491.52,31733540,1.10,1.10,0.74,13.40,1.00,75.30,,,,
Peru,2013,Developing,125,8,5.38,946.65,88.00,0,54.20,11,71,5.23,88.00,0.1,6583.12,31657164,1.10,1.10,0.73,13.40,0.00,75.30,,,,
Peru,2012,Developing,129,9,5.14,885.99,95.00,0,53.60,11,94,5.18,95.00,0.1,6387.79,31589661,1.10,1.10,0.73,13.40,1.00,74.90,,,,
Peru,2011,Developing,133,9,4.83,759.54,91.00,0,52.90,12,91,4.93,91.00,0.2,5771.57,29759989,1.10,1.10,0.72,13.40,2.00,74.50,,,,
Peru,2010,Developing,134,10,4.72,69.44,93.00,0,52.20,12,92,5.30,93.00,0.2,5224.93,29373646,1.10,1.10,0.71,13.30,0.00,73.70,,,,
Peru,2009,Developing,134,10,4.69,570.45,93.00,0,51.50,13,92,5.36,93.00,0.3,4166.93,29157124,1.20,1.20,0.71,13.30,1.00,73.80,,,,
Peru,2008,Developing,138,11,4.85,58.50,93.00,1,50.80,14,93,4.73,93.00,0.3,4288.78,28641981,1.20,1.20,0.70,13.20,0.00,73.90,,,,
Peru,2007,Developing,133,11,4.29,516.40,93.00,0,50.20,15,93,4.60,93.00,0.3,3611.21,28292724,1.20,1.20,0.70,13.20,1.00,74.00,,,,
Peru,2006,Developing,134,12,4.22,448.77,94.00,0,49.50,15,94,4.47,94.00,0.4,3171.50,27949944,1.20,1.20,0.69,13.00,1.00,74.20,,,,
Peru,2005,Developing,148,13,4.44,411.56,94.00,0,48.80,16,66,4.72,77.00,0.4,2754.78,27614142,1.30,1.30,0.69,13.00,1.00,72.80,,,,
Peru,2004,Developing,151,14,4.27,356.94,92.00,0,48.10,18,81,4.56,86.00,0.4,2448.14,27273194,1.30,1.30,0.69,12.80,1.00,72.20,,,,
Peru,2003,Developing,152,15,4.50,34.70,65.00,0,47.40,19,95,4.60,94.00,0.4,2182.60,26937738,1.30,1.30,0.69,13.30,3.00,72.10,,,,
Peru,2002,Developing,144,16,4.03,40.54,999.00,0,46.70,20,95,4.94,95.00,0.4,2591.93,26614674,1.40,1.40,0.69,13.90,1.00,72.60,,,,
Peru,2001,Developing,142,17,4.22,302.54,999.00,0,46.10,22,94,4.98,9.00,0.5,1981.24,26261363,1.40,1.40,0.68,13.40,1.00,72.40,,,,
Peru,2000,Developing,154,18,4.59,297.51,999.00,1,45.40,24,93,4.83,98.00,0.5,1996.72,25914879,1.40,1.40,0.67,13.50,1.00,71.40,,,,
Indonesia,2021,Developing,185,106,1.00,280.00,69.00,17521,29.20,135,89,2.96,71.00,0.2,3215.50,278355622,1.20,1.40,0.68,12.80,17.67,71.53,,,,
Indonesia,2020,Developing,176,102,0.09,275.50,70.00,16234,29.60,131,90,2.98,72.00,0.2,3321.50,278498195,1.15,1.20,0.69,13.10,11.26,71.55,,,,
Indonesia,2019,Developing,170,101,0.08,245.07,71.00,14523,30.60,129,91,3.05,73.00,0.2,3542.17,278623541,1.13,1.30,0.70,13.20,1.00,71.59,,,,
Indonesia,2018,Developing,170,103,0.09,236.07,70.00,15369,29.80,131,90,3.01,75.00,0.3,3697.60,268451325,1.30,1.20,0.70,13.10,1.00,71.41,,,,
Indonesia,2017,Developing,172,106,0.09,227.07,72.00,19456,29.00,132,89,2.97,74.00,0.3,3439.17,263547912,1.40,1.30,0.69,13.00,1.00,71.13,,,,
Indonesia,2016,Developing,174,110,0.08,218.07,75.00,20422,28.20,134,89,2.93,76.00,0.3,3594.60,261547923,1.40,1.20,0.69,13.00,2.00,70.85,,,,
Indonesia,2015,Developing,176,114,0.08,209.07,78.00,15853,27.40,136,88,2.89,78.00,0.3,3336.17,258162113,1.40,1.20,0.69,12.90,1.00,69.10,,,,
Indonesia,2014,Developing,179,119,0.09,200.07,78.00,12943,26.50,142,88,2.85,78.00,0.3,3491.60,255131116,1.40,1.20,0.68,12.90,1.00,68.90,,,,
Indonesia,2013,Developing,181,124,0.09,228.48,85.00,8419,25.60,148,86,2.93,85.00,0.3,3692.66,252322633,1.50,1.30,0.68,12.90,2.00,68.70,,,,
Indonesia,2012,Developing,183,129,0.08,254.47,83.00,15489,24.70,154,84,2.90,83.00,0.3,3687.95,248883232,1.50,1.40,0.67,12.60,1.00,68.50,,,,
Indonesia,2011,Developing,185,134,0.08,211.88,81.00,21893,23.80,161,81,2.71,81.00,0.3,3634.28,245775114,1.60,1.50,0.66,12.30,1.00,68.30,,,,
Indonesia,2010,Developing,187,138,0.08,190.55,83.00,18869,22.90,167,82,2.74,81.00,0.3,3113.49,242524123,1.60,1.50,0.66,12.10,2.00,68.10,,,,
Indonesia,2009,Developing,189,143,0.08,125.80,82.00,20818,22.10,174,85,2.83,78.00,0.3,2254.45,239344785,1.70,1.60,0.65,11.70,1.00,67.90,,,,
Indonesia,2008,Developing,189,149,0.07,102.63,82.00,15369,21.30,181,83,2.81,77.00,0.2,2216.53,236159276,1.70,1.70,0.64,11.70,2.00,67.70,,,,
Indonesia,2007,Developing,192,154,0.06,102.63,76.00,19456,20.50,188,77,3.10,73.00,0.2,1855.94,232989141,1.80,1.70,0.64,11.00,0.00,67.50,,,,
Indonesia,2006,Developing,191,159,0.06,72.02,66.00,20422,19.70,194,78,2.91,72.00,0.1,1586.25,229838223,1.80,1.80,0.63,10.90,0.00,67.30,,,,
Indonesia,2005,Developing,190,163,0.06,5.38,65.00,15853,19.00,201,79,2.79,72.00,0.1,1226.93,226712731,1.90,1.90,0.63,11.10,1.00,67.20,,,,
Indonesia,2004,Developing,213,174,0.06,55.36,64.00,29171,18.20,237,79,2.37,71.00,0.1,1148.57,223614649,1.90,1.90,0.62,11.00,1.00,65.30,,,,
Indonesia,2003,Developing,189,173,0.05,8.46,64.00,24457,17.50,215,78,2.53,71.00,0.1,1164.59,225452143,1.90,1.10,0.61,10.80,1.00,66.90,,,,
Indonesia,2002,Developing,189,177,0.05,43.18,63.00,14492,16.70,222,78,2.27,70.00,0.1,899.56,217585945,1.10,1.11,0.61,10.60,2.00,66.70,,,,
Indonesia,2001,Developing,188,182,0.06,33.96,62.00,3825,16.00,229,77,2.23,76.00,0.1,747.98,214565231,1.10,1.10,0.60,10.60,1.00,66.50,,,,
Indonesia,2000,Developing,188,187,0.06,3.43,65.00,3344,15.40,237,72,1.98,75.00,0.1,778.93,211544291,1.10,1.12,0.60,10.70,1.00,66.30,,,,
czech republic,2021,Developed,110,1,12.18,1610.00,94.00,13,67.10,7,96,7.56,95.00,0.1,23105.50,10675580,1.50,1.50,0.87,15.70,279.50,77.61,,,,
czech republic,2020,Developed,103,1,12.10,1589.00,95.00,10,67.40,9,96,7.54,95.00,0.1,23615.50,10685825,1.50,1.60,0.88,15.90,110.50,78.50,,,,
czech republic,2019,Developed,92,1,12.08,1532.00,95.00,5,67.70,8,95,7.56,95.00,0.1,23945.00,10708981,1.60,1.60,0.89,16.10,1.00,79.12,,,,
czech republic,2018,Developed,93,2,12.20,1476.00,96.00,10,67.30,9,96,7.53,96.00,0.1,23416.00,10689213,1.70,1.70,0.89,15.90,1.00,79.05,,,,
czech republic,2017,Developed,96,3,12.32,1322.00,96.00,32,66.90,10,96,7.50,96.00,0.1,20636.00,10665424,1.70,1.70,0.89,15.70,1.00,78.97,,,,
czech republic,2016,Developed,97,6,12.44,1284.00,97.00,3,66.50,13,97,7.47,97.00,0.1,18757.00,10641253,1.80,1.80,0.88,15.50,1.00,79.02,,,,
czech republic,2015,Developed,99,5,12.56,1513.00,97.00,9,66.10,16,97,7.44,97.00,0.1,17830.00,10621453,1.80,1.80,0.86,15.40,1.00,78.80,,,,
czech republic,2014,Developed,98,9,12.68,1555.00,99.00,222,65.60,15,99,7.41,97.00,0.1,19891.00,10618542,1.80,1.90,0.85,15.20,1.00,78.60,,,,
czech republic,2013,Developed,105,10,12.45,1387.00,99.00,15,65.10,19,99,7.49,98.00,0.1,20133.00,10612451,1.80,1.90,0.86,15.30,1.00,78.20,,,,
czech republic,2012,Developed,103,15,12.71,1517.00,99.00,22,64.50,18,99,7.55,99.00,0.1,19871.00,10601243,1.80,1.90,0.86,15.20,1.00,78.00,,,,
czech republic,2011,Developed,100,17,12.43,1374.00,99.00,17,64.00,23,99,7.50,99.00,0.1,21871.00,10562345,1.90,1.90,0.85,14.80,1.00,77.80,,,,
czech republic,2010,Developed,101,18,12.69,1442.00,99.00,0,63.60,21,99,7.43,99.00,0.1,19906.00,10552436,1.90,2.00,0.84,14.90,1.00,77.50,,,,
czech republic,2009,Developed,102,19,13.23,1449.00,99.00,5,63.10,29,99,7.85,99.00,0.1,19862.00,10542364,1.90,2.00,0.84,14.60,1.00,77.10,,,,
czech republic,2008,Developed,106,20,13.25,1110.00,99.00,2,62.60,30,99,6.82,99.00,0.1,22805.00,10536518,1.90,2.00,0.84,14.30,1.00,77.00,,,,
czech republic,2007,Developed,107,21,13.43,942.00,99.00,2,62.20,35,99,6.52,99.00,0.1,16467.00,10305462,2.00,2.10,0.83,14.00,1.00,76.80,,,,
czech republic,2006,Developed,109,23,13.03,853.00,98.00,7,61.80,36,98,6.69,98.00,0.1,15252.00,10289373,2.00,2.10,0.83,13.90,1.00,76.50,,,,
czech republic,2005,Developed,114,24,13.19,746.00,99.00,0,61.30,52,96,6.93,97.00,0.1,13431.00,10274689,2.10,2.10,0.83,13.70,1.00,75.90,,,,
czech republic,2004,Developed,116,25,13.24,641.00,98.00,17,6.80,47,96,6.90,98.00,0.1,11750.00,10278568,2.10,2.20,0.82,13.50,1.00,75.80,,,,
czech republic,2003,Developed,122,24,13.01,498.00,92.00,30,6.40,49,97,7.13,97.00,0.1,9819.00,10265431,2.20,2.20,0.81,13.20,1.00,75.20,,,,
czech republic,2002,Developed,122,26,13.47,389.00,86.00,4,59.90,48,97,6.80,98.00,0.1,8061.00,10254163,2.20,2.30,0.81,12.80,1.00,75.30,,,,
czech republic,2001,Developed,123,21,13.36,343.00,85.00,6,59.40,51,97,6.42,98.00,0.1,7512.00,10245136,2.20,2.30,0.80,12.60,0.00,75.10,,,,
czech republic,2000,Developed,126,23,13.22,320.00,84.00,9,59.00,53,98,6.31,98.00,0.1,7210.00,10231425,2.30,2.30,0.79,12.30,1.00,74.70,,,,
czech republic,2021,Developing,389,41,7.34,1389.30,69.00,32,52.50,49,70,9.11,70.00,3.6,5521.30,58528932,4.20,4.70,0.66,12.60,94.14,61.77,,,,
South Africa,2020,Developing,379,42,7.33,1341.20,70.00,54,52.85,50,71,9.18,71.00,3.4,5614.20,58530175,4.10,4.60,0.68,13.10,32.50,61.25,,,,
South Africa,2019,Developing,372,40,7.23,1237.05,71.00,46,53.01,51,72,9.23,72.00,3.3,5769.77,58654712,4.00,4.70,0.69,13.30,1.00,63.87,,,,
South Africa,2018,Developing,321,41,7.26,1174.05,72.00,45,52.90,52,72,9.18,72.00,3.5,6479.63,57683798,4.10,4.80,0.68,13.30,1.00,63.62,,,,
South Africa,2017,Developing,326,41,7.29,1111.05,72.00,49,52.30,53,73,9.15,73.00,3.4,6876.95,56829119,4.00,4.90,0.68,13.20,1.00,63.09,,,,
South Africa,2016,Developing,307,42,7.32,1048.05,73.00,51,51.70,51,74,9.10,74.00,3.5,7548.16,55974440,4.20,5.10,0.67,13.00,2.00,62.55,,,,
South Africa,2015,Developing,328,42,7.35,985.05,75.00,65,51.10,52,75,8.95,75.00,3.6,5769.77,55119761,4.40,5.30,0.67,13.00,1.00,62.02,,,,
South Africa,2014,Developing,347,42,7.38,922.05,78.00,66,50.30,52,77,8.80,77.00,3.7,6479.63,54146734,4.90,5.90,0.66,13.00,2.00,61.48,,,,
South Africa,2013,Developing,371,43,7.34,978.59,76.00,25,49.50,54,73,8.78,73.00,4.5,6876.95,53311955,5.40,6.50,0.65,12.80,2.00,60.95,,,,
South Africa,2012,Developing,384,43,7.38,1089.95,68.00,32,48.70,56,65,8.79,65.00,7.6,7548.16,52565152,6.00,7.30,0.64,12.80,1.00,59.70,,,,
South Africa,2011,Developing,413,43,7.38,1237.53,76.00,92,47.90,58,69,8.61,69.00,8.5,7849.95,54729345,6.60,8.00,0.64,12.80,2.00,58.45,,,,
South Africa,2010,Developing,428,43,7.28,1038.89,71.00,12499,47.20,62,72,8.50,72.00,11,7362.76,53794321,7.30,8.90,0.63,12.80,1.00,57.20,,,,
South Africa,2009,Developing,449,46,7.60,782.60,74.00,5857,46.40,70,75,8.39,76.00,19,5888.63,52558131,8.10,9.80,0.62,12.80,2.00,55.95,,,,
South Africa,2008,Developing,473,50,8.19,780.03,76.00,39,45.70,75,77,7.75,79.00,23.5,5786.60,49557573,8.90,1.70,0.62,12.90,1.00,54.70,,,,
South Africa,2007,Developing,486,51,8.48,805.49,83.00,31,45.00,79,79,7.53,82.00,26.4,6125.40,48883844,9.70,11.70,0.61,12.90,2.00,54.54,,,,
South Africa,2006,Developing,496,54,8.50,732.13,83.00,81,44.30,82,79,7.57,82.00,28.1,5631.73,48233841,1.60,12.80,0.61,12.90,4.00,54.38,,,,
South Africa,2005,Developing,498,55,8.69,709.32,79.00,615,43.60,84,75,7.77,79.00,29.5,5414.63,47666724,11.60,13.90,0.61,12.90,1.00,54.22,,,,
South Africa,2004,Developing,497,55,6.96,622.04,76.00,830,42.90,83,73,7.93,74.00,29.7,4863.52,47179912,12.60,15.00,0.61,12.90,2.00,54.06,,,,
South Africa,2003,Developing,485,55,6.93,519.16,71.00,244,42.20,82,72,8.26,69.00,28.9,3775.68,46418193,13.50,16.10,0.61,12.90,3.00,53.90,,,,
South Africa,2002,Developing,459,54,7.04,346.53,72.00,1043,41.60,79,72,8.90,7.00,26.6,2518.40,45855482,14.50,17.10,0.62,12.90,1.00,54.91,,,,
South Africa,2001,Developing,429,52,7.38,365.26,72.00,1166,40.90,76,71,8.31,71.00,24,2681.78,45312937,15.40,18.10,0.63,13.00,0.00,55.93,,,,
South Africa,2000,Developing,397,51,7.30,345.96,73.00,1459,40.10,73,71,8.70,73.00,21.3,2337.23,44896856,16.30,19.10,0.64,13.00,1.00,56.94,,,,
Netherlands,2021,Developed,70,2,8.60,1689.30,91.00,43,63.20,1,95,13.50,93.00,0.1,52103.50,17251243,0.90,0.70,0.92,18.20,112.30,80.85,,,,
Netherlands,2020,Developed,68,1,8.51,1657.50,91.00,62,63.50,1,95,12.90,92.00,0.1,51249.60,17264536,1.00,0.80,0.92,18.30,95.60,81.50,,,,
Netherlands,2019,Developed,54,1,8.38,1566.77,92.00,32,63.70,1,94,12.70,94.00,0.1,52331.32,17399675,1.00,0.80,0.93,18.50,1.00,82.20,,,,
Netherlands,2018,Developed,54,1,8.43,1551.76,92.00,51,63.30,1,94,12.60,94.00,0.1,53399.47,17279329,1.00,0.80,0.93,18.40,1.00,82.06,,,,
Netherlands,2017,Developed,55,1,8.48,1536.74,93.00,32,62.90,1,94,12.40,94.00,0.1,44913.88,17154793,1.00,0.90,0.92,18.20,1.00,81.91,,,,
Netherlands,2016,Developed,56,1,8.53,1521.73,92.00,31,62.50,1,95,12.30,95.00,0.1,52778.47,17052358,1.00,0.90,0.92,18.00,1.00,81.76,,,,
Netherlands,2015,Developed,57,1,8.58,1506.72,91.00,7,62.10,1,95,12.10,95.00,0.1,44292.88,16939923,1.00,0.90,0.92,18.10,1.00,81.61,,,,
Netherlands,2014,Developed,58,1,8.63,1491.70,92.00,140,61.60,1,96,11.90,96.00,0.1,52157.47,16865812,1.00,0.90,0.92,18.10,1.00,81.46,,,,
Netherlands,2013,Developed,60,1,8.68,1475.03,91.00,2632,61.00,1,97,11.40,97.00,0.1,51574.49,16844323,1.00,0.90,0.92,18.10,1.00,81.31,,,,
Netherlands,2012,Developed,62,1,9.05,1162.66,89.00,10,6.50,1,97,11.10,97.00,0.1,49474.76,16754962,1.00,0.90,0.92,18.10,1.00,81.08,,,,
Netherlands,2011,Developed,63,1,8.96,10471.37,91.00,51,59.90,1,97,10.53,97.00,0.1,53546.54,16693741,1.00,0.90,0.91,17.20,0.00,80.86,,,,
Netherlands,2010,Developed,64,1,9.33,10356.21,90.00,15,59.30,1,97,10.48,97.00,0.1,53382.55,16615394,1.00,0.90,0.91,17.00,1.00,80.63,,,,
Netherlands,2009,Developed,65,1,9.23,9685.86,89.00,15,58.60,1,97,10.29,97.00,0.1,51934.90,16533881,1.00,0.90,0.91,16.90,1.00,80.41,,,,
Netherlands,2008,Developed,68,1,9.62,10873.41,90.00,109,57.90,1,97,9.57,97.00,0.1,56928.82,16445593,1.00,0.90,0.91,16.80,2.00,80.18,,,,
Netherlands,2007,Developed,68,1,9.53,9689.73,91.00,10,57.30,1,97,9.36,97.00,0.1,51241.32,16381696,1.00,1.00,0.90,16.60,2.00,79.88,,,,
Netherlands,2006,Developed,71,1,9.79,8344.01,90.00,1,56.50,1,96,9.36,96.00,0.1,44453.97,16346111,1.00,1.00,0.89,16.50,0.00,79.58,,,,
Netherlands,2005,Developed,72,1,9.69,6577.51,89.00,4,55.80,1,96,9.60,96.00,0.1,41577.17,16319868,1.00,1.00,0.89,16.40,1.00,79.27,,,,
Netherlands,2004,Developed,77,1,9.56,5170.13,87.00,11,55.00,1,98,8.52,98.00,0.1,39954.64,16281779,1.00,1.00,0.89,16.50,0.00,78.97,,,,
Netherlands,2003,Developed,80,1,9.56,4472.61,85.00,4,54.20,1,98,8.46,98.00,0.1,35245.16,16225321,1.10,1.00,0.88,16.50,1.00,78.67,,,,
Netherlands,2002,Developed,81,1,9.68,3455.20,83.00,3,53.40,1,97,8.34,97.00,0.1,28817.32,16148929,1.10,1.00,0.88,16.90,1.00,78.50,,,,
Netherlands,2001,Developed,82,1,9.95,3054.52,82.00,0,52.60,1,97,7.79,97.00,0.1,26584.12,16046181,1.10,1.10,0.88,16.70,2.00,78.34,,,,
Netherlands,2000,Developed,84,1,10.06,2944.64,81.00,1019,51.80,1,97,7.42,97.00,0.1,25921.13,15925513,1.10,1.10,0.87,16.50,1.00,78.17,,,,
Canada,2021,Developing,98,1,8.50,11065.40,59.00,73,67.40,2,93,12.15,91.00,0.1,58210.30,37124531,0.30,0.30,0.92,16.10,66.13,81.36,,,,
Canada,2020,Developing,92,2,8.70,11003.50,53.00,65,67.80,2,91,12.96,92.00,0.1,58321.50,37202435,0.40,0.30,0.92,16.30,32.50,81.50,,,,
Canada,2019,Developing,90,2,8.60,10664.02,52.00,51,68.20,2,92,12.75,91.00,0.1,59264.30,37411047,0.40,0.40,0.93,16.50,1.00,82.37,,,,
Canada,2018,Developing,84,2,8.50,10575.02,59.00,99,67.90,2,92,12.69,93.00,0.1,54821.38,37047512,0.40,0.40,0.93,16.40,1.00,82.22,,,,
Canada,2017,Developing,70,2,8.40,10486.02,57.00,14,67.60,2,91,12.63,92.00,0.1,43504.74,36732145,0.40,0.40,0.93,16.40,1.00,82.13,,,,
Canada,2016,Developing,69,2,8.30,10397.02,56.00,62,67.30,2,91,12.57,91.00,0.1,54632.38,36382944,0.50,0.50,0.92,16.30,1.00,82.05,,,,
Canada,2015,Developing,67,2,8.20,10308.02,55.00,195,67.00,2,91,12.51,91.00,0.1,43315.74,35848615,0.50,0.50,0.92,16.30,2.00,81.96,,,,
Canada,2014,Developing,68,2,8.10,10219.02,55.00,418,66.40,2,91,12.45,91.00,0.1,54443.38,35544564,0.50,0.50,0.91,15.90,0.00,81.88,,,,
Canada,2013,Developing,67,2,8.20,9733.23,55.00,83,65.80,2,91,11.67,91.00,0.1,52413.72,35155451,0.50,0.50,0.91,15.90,2.00,81.79,,,,
Canada,2012,Developing,68,2,8.30,9748.64,57.00,10,65.30,2,99,11.78,95.00,0.1,52496.69,34755453,0.50,0.50,0.91,15.90,1.00,81.58,,,,
Canada,2011,Developing,68,2,8.20,9719.28,57.00,803,64.70,2,87,11.82,87.00,0.1,52822.18,34342781,0.50,0.50,0.90,15.90,1.00,81.38,,,,
Canada,2010,Developing,70,2,8.40,8649.67,56.00,99,64.10,2,88,11.20,89.00,0.1,47447.48,3452745,0.50,0.40,0.90,15.90,1.00,81.17,,,,
Canada,2009,Developing,72,2,8.40,864.95,42.00,14,63.60,2,89,11.17,91.00,0.1,47734.54,33628571,0.50,0.40,0.90,15.90,1.00,80.97,,,,
Canada,2008,Developing,74,2,8.30,8433.94,28.00,62,63.00,2,89,10.30,92.00,0.1,46596.34,33245773,0.50,0.40,0.90,15.80,1.00,80.76,,,,
Canada,2007,Developing,74,2,8.30,7946.74,14.00,101,62.50,2,89,9.83,94.00,0.1,44544.53,32887928,0.50,0.40,0.89,15.80,2.00,80.55,,,,
Canada,2006,Developing,75,2,8.20,771.18,14.00,13,61.90,2,95,9.75,95.00,0.1,44386.70,32930575,0.50,0.40,0.89,15.80,2.00,80.33,,,,
Canada,2005,Developing,76,2,8.00,6333.18,14.00,6,61.30,2,93,9.57,93.00,0.1,36189.59,32536312,0.50,0.40,0.89,15.80,1.00,80.12,,,,
Canada,2004,Developing,77,2,7.80,5513.33,14.00,7,60.60,2,91,9.56,91.00,0.1,31979.87,32164995,0.50,0.40,0.88,15.80,1.00,79.90,,,,
Canada,2003,Developing,78,2,7.70,4687.85,14.00,15,60.10,2,88,9.54,91.00,0.1,28172.15,31488676,0.50,0.40,0.88,15.80,1.00,79.69,,,,
Canada,2002,Developing,79,2,7.70,3895.86,18.00,6,59.30,2,88,9.37,88.00,0.1,24167.84,31178362,0.50,0.40,0.87,15.80,2.00,79.47,,,,
Canada,2001,Developing,80,2,7.60,3665.09,15.00,34,58.50,2,88,9.10,89.00,0.1,23691.59,30880073,0.50,0.40,0.87,15.80,1.00,79.25,,,,
Canada,2000,Developing,82,2,7.60,3787.49,11.00,206,57.80,2,88,8.67,89.00,0.1,24124.17,30588697,0.50,0.50,0.86,15.90,2.00,79.02,,,,
Chile,2021,Developing,123,2,7.73,2654.10,96.00,5,65.70,1,93,8.35,93.00,0.1,16142.50,18530726,0.70,0.70,0.85,16.30,145.56,78.64,,,,
Chile,2020,Developing,116,2,7.71,2559.60,97.00,1,66.00,1,94,8.30,92.00,0.1,16497.23,18531969,0.70,0.70,0.85,16.60,102.50,79.50,,,,
Chile,2019,Developing,106,2,7.67,2659.00,96.00,1,66.20,1,93,8.18,93.00,0.1,16621.23,18616505,0.70,0.70,0.86,16.80,1.00,80.12,,,,
Chile,2018,Developing,95,2,7.31,2613.00,95.00,2,65.60,1,95,8.09,93.00,0.1,15879.23,18403049,0.70,0.70,0.85,16.70,1.00,79.96,,,,
Chile,2017,Developing,85,2,7.39,2576.00,95.00,12,65.00,1,94,8.06,94.00,0.1,15137.23,18189593,0.80,0.70,0.85,16.60,1.00,79.83,,,,
Chile,2016,Developing,81,2,7.33,2487.00,95.00,2,64.40,2,96,7.97,95.00,0.1,14395.23,17976137,0.80,0.70,0.85,16.50,0.00,79.69,,,,
Chile,2015,Developing,82,2,7.30,2442.00,97.00,9,63.80,2,96,7.88,96.00,0.1,13653.23,17762681,0.80,0.80,0.85,16.30,2.00,79.56,,,,
Chile,2014,Developing,83,2,7.16,2353.00,95.00,0,63.10,2,95,7.79,95.00,0.1,14817.38,17613798,0.80,0.80,0.84,16.20,2.00,79.42,,,,
Chile,2013,Developing,84,2,7.20,2442.22,90.00,0,62.50,2,94,7.53,91.00,0.1,15941.40,17462982,0.80,0.80,0.83,15.60,1.00,79.29,,,,
Chile,2012,Developing,84,2,6.76,2260.78,90.00,0,61.80,2,94,7.24,94.00,0.1,15431.93,17397465,0.80,0.80,0.83,15.50,1.00,79.07,,,,
Chile,2011,Developing,86,2,7.26,2116.14,94.00,6,61.20,2,93,7.00,94.00,0.1,14756.92,17153357,0.80,0.80,0.82,15.40,1.00,78.85,,,,
Chile,2010,Developing,89,2,7.93,1771.49,92.00,0,60.60,2,92,6.97,92.00,0.1,12186.18,16993354,0.80,0.90,0.82,15.20,0.00,78.63,,,,
Chile,2009,Developing,91,2,7.67,1181.53,94.00,1,59.90,2,94,7.39,94.00,0.1,10243.33,16829442,0.80,0.90,0.82,15.30,2.00,78.41,,,,
Chile,2008,Developing,88,2,7.31,1241.55,95.00,0,59.30,2,95,6.87,95.00,0.1,10781.37,16661942,0.90,0.90,0.80,15.20,2.00,78.19,,,,
Chile,2007,Developing,89,2,7.39,1209.49,92.00,0,58.70,2,95,6.35,96.00,0.1,10526.88,16491687,0.90,0.90,0.80,14.80,1.00,77.96,,,,
Chile,2006,Developing,91,2,7.33,1275.69,95.00,0,58.10,2,94,6.18,94.00,0.1,9484.68,16319792,0.90,0.90,0.80,14.90,3.00,77.72,,,,
Chile,2005,Developing,93,2,7.57,954.96,999.00,0,57.40,2,92,6.69,91.00,0.1,7615.35,16147641,0.90,1.00,0.79,14.60,1.00,77.49,,,,
Chile,2004,Developing,97,2,6.32,787.86,999.00,0,56.80,2,94,6.93,93.00,0.1,5621.83,15973778,0.90,1.00,0.78,14.30,2.00,77.25,,,,
Chile,2003,Developing,21,2,6.37,584.10,999.00,1,56.10,2,96,7.34,96.00,0.1,4787.70,15799542,1.00,1.00,0.78,14.00,3.00,77.02,,,,
Chile,2002,Developing,11,2,6.06,675.78,999.00,0,55.40,3,97,6.48,97.00,0.1,4463.55,15623635,1.00,1.00,0.77,13.90,1.00,76.80,,,,
Chile,2001,Developing,16,2,6.10,687.51,999.00,0,54.70,3,96,6.51,97.00,0.1,4595.67,15444969,1.00,1.00,0.76,13.70,1.00,76.48,,,,
Chile,2000,Developing,13,2,6.24,674.15,999.00,0,54.00,3,91,6.40,91.00,0.1,4511.37,15262754,1.10,1.10,0.76,13.50,1.00,76.20,,,,
iraq,2021,Developing,198,37,0.11,415.60,61.00,181,60.30,37,61,6.30,67.00,0.1,5421.60,38765673,5.30,5.20,0.62,9.50,51.30,68.86,,,,
iraq,2020,Developing,190,35,0.14,425.50,62.00,214,60.70,36,62,6.20,67.00,0.1,5723.50,38766918,5.20,5.00,0.64,9.80,40.80,69.40,,,,
iraq,2019,Developing,184,34,0.13,435.50,62.00,103,61.10,39,63,5.32,68.00,0.1,5978.27,38891454,5.10,4.90,0.67,10.10,1.00,70.51,,,,
iraq,2018,Developing,180,33,0.15,461.50,66.00,153,60.60,38,61,4.59,69.00,0.1,5727.27,38801912,5.20,5.00,0.66,10.10,1.00,70.37,,,,
iraq,2017,Developing,178,33,0.17,456.80,61.00,124,60.10,37,62,5.75,79.00,0.1,5476.27,37906491,5.20,5.00,0.66,10.30,2.00,70.18,,,,
iraq,2016,Developing,177,32,0.19,423.50,77.00,2234,59.60,38,67,5.68,74.00,0.1,5225.27,37011070,5.30,5.10,0.65,10.50,1.00,69.98,,,,
iraq,2015,Developing,182,32,0.16,418.50,72.00,1433,59.10,38,63,5.61,78.00,0.1,4974.27,36115649,5.30,5.10,0.65,10.10,2.00,69.79,,,,
Iraq,2014,Developing,199,32,0.11,435.24,62.00,1317,58.50,39,67,5.54,64.00,0.1,6737.47,35681543,5.30,5.10,0.66,10.10,2.00,69.59,,,,
Iraq,2013,Developing,170,32,0.13,447.37,66.00,669,57.80,39,71,5.92,68.00,0.1,6925.22,33883145,5.30,5.10,0.66,10.30,1.00,69.40,,,,
Iraq,2012,Developing,147,32,0.15,429.66,61.00,15,57.20,39,67,5.26,69.00,0.1,6651.12,32776571,5.30,5.10,0.66,10.50,3.00,69.12,,,,
Iraq,2011,Developing,144,32,0.17,285.12,77.00,15,56.50,39,80,3.32,79.00,0.1,5854.61,31727531,5.30,5.10,0.65,10.40,1.00,68.84,,,,
Iraq,2010,Developing,145,32,0.19,218.23,72.00,492,55.80,39,74,3.82,74.00,0.1,4527.49,30762711,5.30,5.10,0.65,10.40,3.00,68.56,,,,
Iraq,2009,Developing,148,32,0.20,185.64,75.00,30328,55.20,39,78,4.65,78.00,0.1,3735.14,29894652,5.40,5.10,0.64,10.30,1.00,68.28,,,,
Iraq,2008,Developing,167,32,0.17,192.16,66.00,5494,54.50,38,71,3.93,69.00,0.1,4521.32,29111417,5.40,5.10,0.64,10.30,1.00,68.00,,,,
Iraq,2007,Developing,227,31,0.14,146.76,56.00,230,53.80,38,74,3.69,57.00,0.1,3129.22,28394331,5.40,5.10,0.64,10.20,1.00,68.15,,,,
Iraq,2006,Developing,249,31,0.03,75.26,59.00,474,53.20,38,63,3.00,59.00,0.1,2351.81,27697912,5.40,5.10,0.63,10.20,1.00,68.31,,,,
Iraq,2005,Developing,229,31,0.18,59.19,65.00,908,52.50,37,69,4.13,65.00,0.1,1849.64,27842612,5.40,5.20,0.63,10.10,2.00,68.46,,,,
Iraq,2004,Developing,211,30,0.32,44.12,62.00,9081,51.90,37,69,5.61,74.00,0.1,1391.82,26316691,5.40,5.20,0.60,9.80,1.00,68.62,,,,
Iraq,2003,Developing,213,30,0.07,40.00,63.00,0,51.30,37,73,4.36,75.00,0.1,1290.50,25627626,5.50,5.20,0.62,9.40,1.00,68.77,,,,
Iraq,2002,Developing,144,30,0.15,36.50,65.00,0,5.60,37,76,3.80,77.00,0.1,1024.50,24939299,5.50,5.30,0.61,9.10,1.00,68.82,,,,
Iraq,2001,Developing,142,30,0.17,28.50,66.00,4088,5.10,37,81,3.50,78.00,0.1,850.30,24251649,5.60,5.30,0.61,8.70,1.00,68.87,,,,
Iraq,2000,Developing,144,30,0.20,23.50,67.00,726,49.50,37,83,3.20,8.00,0.1,750.30,23565413,5.60,5.40,0.60,8.60,1.00,68.92,,,,
Philippines,2021,Developing,256,53,4.38,286.50,61.00,958,24.50,63,70,4.92,63.00,0.1,2802.50,107962773,1.00,9.50,0.68,11.60,18.50,69.81,,,,
Philippines,2020,Developing,248,51,4.40,280.50,62.00,1246,24.80,61,71,4.98,61.00,0.1,2815.00,108110296,1.00,9.60,0.69,11.80,8.60,70.60,,,,
Philippines,2019,Developing,234,49,4.22,276.27,61.00,420,25.60,62,71,5.06,62.00,0.1,2965.00,108124531,1.00,9.70,0.70,11.90,1.00,71.16,,,,
Philippines,2018,Developing,214,49,4.45,267.27,63.00,5551,25.58,63,75,4.99,63.00,0.1,2941.00,105124532,1.00,9.80,0.69,11.80,2.00,71.03,,,,
Philippines,2017,Developing,213,51,4.44,258.27,62.00,651,25.52,65,76,4.92,65.00,0.1,2926.34,103260627,1.00,9.50,0.69,11.80,1.00,70.87,,,,
Philippines,2016,Developing,210,50,4.42,249.27,65.00,721,25.46,64,77,4.85,68.00,0.1,2902.34,102488493,1.00,9.70,0.68,11.80,2.00,70.71,,,,
Philippines,2015,Developing,211,52,4.32,240.27,61.00,619,25.40,66,79,4.78,64.00,0.1,2878.34,101716359,1.00,9.70,0.68,11.70,1.00,70.55,,,,
Philippines,2014,Developing,214,54,4.52,231.27,67.00,58848,24.80,68,77,4.71,67.00,0.1,2842.94,101224923,1.00,9.70,0.68,11.70,2.00,70.39,,,,
Philippines,2013,Developing,219,55,4.61,224.59,89.00,2920,24.30,69,84,4.56,89.00,0.1,2762.89,98481321,1.00,9.70,0.67,11.70,1.00,70.23,,,,
Philippines,2012,Developing,217,56,5.02,212.74,88.00,1536,23.70,71,88,4.46,88.00,0.1,2581.82,96866642,1.00,9.70,0.67,11.60,3.00,70.07,,,,
Philippines,2011,Developing,218,57,4.96,191.49,87.00,6538,23.10,72,87,4.29,87.00,0.1,2352.52,95277943,1.00,9.70,0.67,11.50,1.00,69.92,,,,
Philippines,2010,Developing,218,58,4.85,198.26,77.00,6368,22.60,74,78,4.37,79.00,0.1,2129.50,93726624,1.00,9.70,0.66,11.40,1.00,69.76,,,,
Philippines,2009,Developing,219,59,4.42,159.53,85.00,1469,22.10,76,86,4.41,87.00,0.1,1825.34,92228792,1.00,9.70,0.66,11.70,3.00,69.61,,,,
Philippines,2008,Developing,217,60,4.21,155.48,88.00,341,21.60,78,91,4.50,91.00,0.1,1919.47,97518641,1.00,9.70,0.66,11.50,2.00,69.45,,,,
Philippines,2007,Developing,216,62,4.19,137.33,87.00,530,21.10,80,87,3.94,87.00,0.1,1672.69,89293492,1.00,9.70,0.65,11.40,1.00,69.33,,,,
Philippines,2006,Developing,219,63,4.08,121.36,77.00,9,20.60,82,88,3.95,88.00,0.1,1391.77,87894191,1.00,9.70,0.65,11.50,3.00,69.21,,,,
Philippines,2005,Developing,223,65,4.22,105.73,49.00,118,20.10,84,90,3.91,89.00,0.1,1194.70,86274237,1.00,9.70,0.64,11.60,1.00,69.10,,,,
Philippines,2004,Developing,218,66,4.45,133.99,48.00,3025,19.60,86,85,3.23,88.00,0.1,179.37,84678493,1.00,9.70,0.64,11.60,3.00,68.98,,,,
Philippines,2003,Developing,217,67,4.44,109.01,52.00,10511,19.20,87,85,3.25,84.00,0.1,11.55,83319543,1.00,9.70,0.63,11.60,2.00,68.86,,,,
Philippines,2002,Developing,221,68,4.42,109.99,42.00,7003,18.70,89,77,2.79,79.00,0.1,11.68,81352612,1.00,9.70,0.63,11.40,1.00,68.82,,,,
Philippines,2001,Developing,221,68,4.54,169.02,45.00,7360,18.30,89,76,3.00,79.00,0.1,957.29,79665315,1.00,9.70,0.62,11.40,4.00,68.77,,,,
Philippines,2000,Developing,219,69,4.73,116.97,47.00,7120,17.80,90,74,3.21,78.00,0.1,138.92,77991569,1.00,9.60,0.62,11.40,2.00,68.73,,,,
Romania,2021,Developed,193,1,9.98,1398.50,92.00,14,60.32,1,91,6.05,96.00,0.1,8932.50,19276596,2.10,2.10,0.78,14.50,152.60,73.22,,,,
Romania,2020,Developed,189,1,9.62,1430.60,91.00,113,60.54,1,90,5.85,91.00,0.1,8918.45,19289072,2.10,2.10,0.79,14.70,110.50,74.52,,,,
Romania,2019,Developed,172,1,9.51,1423.20,91.00,21,60.94,1,89,5.95,89.00,0.1,9023.45,19290497,2.20,2.20,0.80,14.90,1.00,75.96,,,,
Romania,2018,Developed,161,1,9.26,1542.30,94.00,253,60.88,2,94,5.93,92.00,0.1,9159.79,19421743,2.30,2.30,0.80,14.90,1.00,75.83,,,,
Romania,2017,Developed,153,2,9.41,1400.75,92.00,41,60.82,2,88,5.84,90.00,0.1,9092.79,19552989,2.30,2.50,0.79,14.80,1.00,75.65,,,,
Romania,2016,Developed,141,2,9.44,1661.41,94.00,0,60.76,2,92,5.75,91.00,0.1,9025.79,19684235,2.40,2.60,0.80,14.80,2.00,75.47,,,,
Romania,2015,Developed,133,2,9.49,1315.75,96.00,4,60.70,2,89,5.66,89.00,0.1,8958.79,19815481,2.50,2.70,0.80,14.70,1.00,75.30,,,,
Romania,2014,Developed,135,2,9.54,1576.41,94.00,59,59.90,2,94,5.57,94.00,0.1,9521.28,19989793,2.60,2.80,0.80,14.70,2.00,75.12,,,,
Romania,2013,Developed,138,2,9.59,1230.75,96.00,1159,59.20,2,88,5.60,92.00,0.1,9585.27,19983693,2.70,2.90,0.79,14.70,1.00,74.94,,,,
Romania,2012,Developed,138,2,9.58,1078.36,96.00,7450,58.40,2,92,5.48,91.00,0.1,8558.40,20158351,2.80,3.00,0.80,15.30,2.00,74.57,,,,
Romania,2011,Developed,139,2,9.10,1032.59,96.00,4189,57.70,2,89,5.53,89.00,0.1,9227.78,20147528,2.90,3.10,0.80,15.70,1.00,74.20,,,,
Romania,2010,Developed,153,2,9.00,983.25,98.00,193,56.90,2,94,5.83,94.00,0.1,8297.48,20246871,3.00,3.20,0.80,15.80,2.00,73.82,,,,
Romania,2009,Developed,158,2,10.40,1114.96,95.00,8,56.30,3,95,5.56,95.00,0.1,8221.83,20674873,3.00,3.30,0.80,15.40,1.00,73.45,,,,
Romania,2008,Developed,159,2,11.90,1028.08,97.00,12,55.60,3,95,5.33,96.00,0.1,8136.47,21378754,3.10,3.50,0.78,14.70,1.00,73.08,,,,
Romania,2007,Developed,154,3,10.60,919.17,99.00,353,55.00,3,96,5.21,96.00,0.1,8214.19,21829823,3.20,3.60,0.77,14.10,2.00,72.76,,,,
Romania,2006,Developed,157,3,8.51,665.64,99.00,3196,54.40,4,97,5.60,97.00,0.1,5828.75,21193767,3.20,3.70,0.76,13.70,1.00,72.44,,,,
Romania,2005,Developed,162,3,7.68,615.40,98.00,5043,53.90,4,97,5.47,97.00,0.1,4676.32,21319685,3.30,3.80,0.75,13.40,2.00,72.11,,,,
Romania,2004,Developed,165,4,9.82,431.33,99.00,117,53.40,4,97,5.43,97.00,0.1,3552.92,21451748,3.40,3.90,0.73,12.90,1.00,71.79,,,,
Romania,2003,Developed,174,4,8.78,375.17,98.00,9,52.90,4,97,5.30,97.00,0.1,2774.96,21574326,3.50,4.00,0.72,12.50,1.00,71.47,,,,
Romania,2002,Developed,178,4,9.62,278.23,99.00,14,52.40,5,98,4.57,98.00,0.1,2124.87,21734963,3.70,4.10,0.71,12.00,1.00,71.12,,,,
Romania,2001,Developed,179,4,9.78,180.11,98.00,10,51.90,5,99,4.36,99.00,0.1,1839.73,22131975,3.80,4.20,0.71,11.70,2.00,70.76,,,,
Romania,2000,Developed,175,4,10.16,152.64,98.00,35,51.40,5,99,4.33,99.00,0.1,1668.16,22442971,4.00,4.30,0.70,11.50,1.00,70.41,,,,
Sweden,2021,Developed,62,1,7.20,12123.00,72.00,56,60.30,0,97,12.60,96.00,0.1,51201.30,10014109,1.50,1.30,0.90,16.10,139.50,81.23,,,,
Sweden,2020,Developed,59,9,7.01,12056.50,71.00,23,60.50,0,97,12.10,96.00,0.1,50124.20,10015344,1.30,1.30,0.90,16.20,79.50,82.50,,,,
Sweden,2019,Developed,58,8,7.10,11947.12,70.00,21,61.10,0,96,12.03,97.00,0.1,51615.00,10036379,1.40,1.20,0.91,16.30,1.00,82.72,,,,
Sweden,2018,Developed,50,8,7.10,11842.12,69.00,15,60.70,0,96,12.01,97.00,0.1,54589.00,9971638,1.50,1.30,0.91,16.10,1.00,82.57,,,,
Sweden,2017,Developed,51,6,7.20,11737.12,68.00,12,60.30,0,97,11.99,97.00,0.1,53792.00,9904512,1.50,1.40,0.91,15.39,1.00,82.44,,,,
Sweden,2016,Developed,52,9,7.20,11632.12,63.00,0,59.90,0,98,11.97,98.00,0.1,51965.00,9836047,1.50,1.40,0.91,15.90,1.00,82.31,,,,
Sweden,2015,Developed,53,10,7.30,11527.12,67.00,22,59.50,0,98,11.95,98.00,0.1,51545.00,9799186,1.50,1.40,0.91,15.90,1.00,82.40,,,,
Sweden,2014,Developed,54,11,7.30,11422.12,67.00,26,59.00,0,98,11.93,98.00,0.1,60260.00,9696111,1.50,1.30,0.91,15.80,3.00,82.30,,,,
Sweden,2013,Developed,57,14,7.30,11212.67,67.00,51,58.50,0,98,11.97,98.00,0.1,62832.45,9637901,1.40,1.30,0.90,15.80,1.00,81.90,,,,
Sweden,2012,Developed,57,15,7.40,10947.02,53.00,30,58.10,0,98,11.80,98.00,0.1,57134.78,9519374,1.40,1.30,0.90,15.80,1.00,81.70,,,,
Sweden,2011,Developed,58,13,7.40,11477.67,64.00,26,57.70,0,98,11.70,98.00,0.1,59593.29,9449213,1.40,1.30,0.90,16.00,1.00,81.70,,,,
Sweden,2010,Developed,58,12,7.20,7782.48,68.00,6,57.30,0,98,9.47,98.00,0.1,52762.56,9378126,1.30,1.30,0.90,15.80,1.00,81.50,,,,
Sweden,2009,Developed,62,16,7.30,6821.07,65.00,3,56.90,0,98,9.94,98.00,0.1,54627.59,9298515,1.30,1.30,0.90,15.80,2.00,81.40,,,,
Sweden,2008,Developed,62,17,6.90,8105.59,59.00,25,56.50,0,98,9.23,98.00,0.1,55746.84,9219637,1.30,1.30,0.90,15.70,1.00,81.10,,,,
Sweden,2007,Developed,63,18,6.90,7593.39,57.00,1,56.10,0,98,8.92,98.00,0.1,53324.38,9148925,1.30,1.30,0.90,15.80,1.00,80.87,,,,
Sweden,2006,Developed,64,19,6.50,6369.52,51.00,19,55.70,0,98,8.95,98.00,0.1,46256.47,9162939,1.30,1.30,0.89,15.90,2.00,80.69,,,,
Sweden,2005,Developed,66,23,6.50,5990.39,53.00,13,55.30,0,98,9.60,98.00,0.1,43853.53,9096165,1.30,1.30,0.89,16.00,1.00,80.50,,,,
Sweden,2004,Developed,67,21,6.60,5793.36,49.00,5,54.90,0,99,9.90,99.00,0.1,42442.22,8993531,1.30,1.30,0.89,16.00,1.00,80.32,,,,
Sweden,2003,Developed,69,20,6.90,5067.41,46.00,3,54.40,0,99,9.31,99.00,0.1,36961.43,8958229,1.30,1.30,0.88,15.90,2.00,80.13,,,,
Sweden,2002,Developed,71,18,6.90,3998.10,36.00,9,53.90,0,99,9.23,99.00,0.1,29571.74,8924958,1.30,1.30,0.88,15.90,1.00,79.90,,,,
Sweden,2001,Developed,73,17,6.60,3554.55,28.00,5,53.40,0,99,8.86,99.00,0.1,26969.24,8895962,1.30,1.30,0.88,15.90,1.00,79.80,,,,
Sweden,2000,Developed,73,1,6.20,3689.73,23.00,59,52.80,0,99,8.18,99.00,0.1,29283.55,8872191,1.40,1.30,0.87,15.90,1.00,79.60,,,,
Belgium,2021,Developed,96,2,10.15,7785.60,96.00,46,64.20,1,96,11.55,97.00,0.1,45875.60,11393360,1.00,1.00,0.85,16.20,234.05,80.34,,,,
Belgium,2020,Developed,86,5,10.12,7648.50,95.00,51,64.60,1,97,10.99,97.00,0.1,46003.00,11449572,1.00,1.00,0.90,16.40,165.30,81.12,,,,
Belgium,2019,Developed,90,6,10.08,7550.60,95.00,19,64.90,1,97,10.69,97.00,0.1,46251.00,11539328,1.00,1.00,0.91,16.72,1.00,81.55,,,,
Belgium,2018,Developed,68,9,10.11,7451.60,96.00,15,64.60,1,98,10.67,98.00,0.1,44193.00,11482178,1.00,1.00,0.91,16.69,1.00,81.39,,,,
Belgium,2017,Developed,70,9,10.22,7352.60,97.00,26,64.30,1,98,10.65,98.00,0.1,41235.20,11454420,1.00,1.00,0.90,16.66,1.00,81.22,,,,
Belgium,2016,Developed,72,8,10.05,7361.35,97.00,61,64.00,1,98,10.63,99.00,0.1,40992.30,11354420,1.00,1.00,0.90,16.63,1.00,81.04,,,,
Belgium,2015,Developed,74,8,10.47,7262.35,98.00,47,63.70,1,99,10.61,99.00,0.1,43568.75,11274196,1.00,1.00,0.90,16.60,1.00,80.87,,,,
Belgium,2014,Developed,76,6,12.60,7163.35,98.00,70,63.40,1,99,10.59,99.00,0.1,47439.40,11295712,1.00,1.00,0.89,16.30,1.00,80.69,,,,
Belgium,2013,Developed,77,9,11.77,7023.59,98.00,39,63.00,1,99,10.57,99.00,0.1,46513.86,11182817,1.00,0.90,0.89,16.30,1.00,80.52,,,,
Belgium,2012,Developed,78,10,10.08,7664.47,98.00,109,62.60,1,99,10.54,99.00,0.1,44745.72,11128246,0.90,0.90,0.89,16.20,1.00,80.33,,,,
Belgium,2011,Developed,78,11,10.11,7135.30,97.00,576,62.30,1,98,10.42,98.00,0.1,47727.74,11477441,0.90,0.90,0.88,16.10,1.00,80.14,,,,
Belgium,2010,Developed,81,14,10.22,6657.36,97.00,40,61.90,1,98,10.17,98.00,0.1,44382.37,10895586,0.90,0.90,0.88,15.90,1.00,79.95,,,,
Belgium,2009,Developed,85,15,10.05,6719.38,97.00,33,61.60,1,98,10.39,98.00,0.1,44885.62,10796493,0.90,0.90,0.88,15.80,2.00,79.76,,,,
Belgium,2008,Developed,87,13,10.47,7191.05,98.00,98,61.30,1,99,9.60,99.00,0.1,48424.59,10779973,0.80,0.80,0.87,15.80,1.00,79.57,,,,
Belgium,2007,Developed,86,12,10.25,6403.56,94.00,64,6.90,1,99,9.25,98.00,0.1,44438.31,10696257,0.80,0.80,0.87,15.80,1.00,79.33,,,,
Belgium,2006,Developed,85,16,10.98,5579.20,94.00,15,6.60,1,99,9.17,98.00,0.1,38852.36,10547958,0.80,0.80,0.87,15.70,2.00,79.09,,,,
Belgium,2005,Developed,89,17,12.27,5068.21,77.00,26,6.20,1,97,9.24,97.00,0.1,36967.28,10478617,0.80,0.80,0.86,15.70,1.00,78.86,,,,
Belgium,2004,Developed,91,18,12.05,5160.51,64.00,61,59.80,1,96,9.32,95.00,0.1,35589.71,10421137,0.80,0.80,0.88,18.80,2.00,78.62,,,,
Belgium,2003,Developed,95,19,11.28,5073.06,64.00,44,59.40,1,96,9.30,95.00,0.1,37439.57,10376133,0.80,0.80,0.88,18.60,1.00,78.38,,,,
Belgium,2002,Developed,99,23,11.29,3203.18,6.00,0,59.00,1,96,8.46,95.00,0.1,25523.33,10232785,0.80,0.80,0.88,18.80,1.00,78.18,,,,
Belgium,2001,Developed,71,21,11.01,2943.38,6.00,83,58.50,1,96,8.29,95.00,0.1,23121.57,10328657,0.80,0.80,0.87,18.20,2.00,77.98,,,,
Belgium,2000,Developed,11,25,11.21,2872.08,6.00,0,58.10,1,96,8.12,95.00,0.1,23274.59,10125125,0.80,0.80,0.87,18.00,1.00,77.79,,,,
